terc,index
020101,50.08484540000001
020102,0.9807864599999999
020103,5.2323775800000005
020104,3.9753493099999995
020105,1.21447119
020106,1.3221176099999998
020201,12.844317399999998
020202,36.80201413000002
020203,3.9599249299999997
020204,2.88494036
020205,0.03842026
020206,2.6791082999999998
020207,1.1212389800000004
020301,71.00580747000001
020302,1.46579551
020303,1.04126437
020304,1.6013411
020305,0.36145718
020306,0.26234818000000004
020401,12.920409139999999
020402,0.01592488
020403,0.6821235899999999
020404,2.68865503
020501,19.720359280000004
020502,2.6556827400000005
020503,0.56412268
020504,0.16135679
020505,0.15440322000000004
020506,0.28714543000000003
020601,16.256128459999992
020602,4.26433251
020603,3.41732399
020604,10.34028006
020605,0.84746138
020606,0.8047549999999998
020607,3.6241772500000002
020608,1.5573017999999998
020609,46.233140430000006
020701,15.237182810000004
020702,0.21817474000000003
020703,3.09986948
020704,0.34887584
020801,5.756803759999998
020802,41.547580669999995
020803,9.86106525
020804,12.679641579999997
020805,8.892283019999999
020806,10.612628309999998
020807,1.2024923399999998
020808,3.933560850000001
020809,0.11376669
020810,2.7966597500000003
020811,0.09054159999999999
020812,2.1849481799999997
020813,4.745345630000001
020814,1.79055153
020901,0.46107587
020902,0.20500397999999997
020903,0.7745881899999999
020904,1.21574186
020905,2.3059748099999995
020906,1.24944948
020907,4.0737408
020908,0.10850354
021001,23.883501019999997
021002,6.548590810000001
021003,2.6694996300000002
021004,0.008424870000000001
021005,1.335433
021006,0.15961359
021007,1.1406197800000002
021101,99.01361921999997
021102,0.33741129000000003
021103,2.93538221
021104,5.262104689999999
021201,8.924051139999998
021202,0.6718785499999999
021203,12.913936079999997
021204,2.6175246600000004
021205,0.58361264
021301,0.7208715200000001
021302,1.4547317099999997
021303,12.461372720000007
021401,34.042156610000006
021402,1.9790533300000002
021403,1.64986569
021404,0.62065364
021405,1.1555371399999996
021406,0.10395829
021407,10.33343845
021408,5.120373430000001
021501,42.51786501
021502,1.48306961
021503,16.669951279999996
021504,0.2644201400000001
021601,5.94156998
021602,0.75132614
021603,1.72404
021604,23.467844559999996
021605,3.9755771299999996
021606,1.67302878
021701,1.3427589
021702,0.48312987999999996
021703,0.75761956
021704,14.528486059999997
021705,3.6228405999999995
021801,11.52809542
021802,1.3941505600000004
021803,6.60822096
021804,16.358578819999998
021805,0.59203683
021901,69.44719962
021902,13.416468390000002
021903,0.44684591000000007
021904,2.11946043
021905,1.56829855
021906,17.420116569999994
021907,0.18951583000000002
021908,5.286819809999998
022001,9.619368820000002
022002,2.53408255
022003,23.14150677
022004,2.4351973999999994
022005,1.05239161
022006,7.796295139999998
022101,4.954860780000001
022102,2.0278434800000005
022103,8.440982900000003
022104,0.95753909
022105,2.5031213800000005
022106,3.31889197
022107,0.11619749000000001
022108,0.59944218
022201,9.657381760000002
022202,1.04346561
022203,12.910371430000001
022301,6.70345533
022302,25.79153600000001
022303,0.57443959
022304,16.86881809
022305,86.28618439
022306,0.6665564799999998
022307,6.230333279999998
022308,15.637104369999996
022309,4.517781620000001
022401,0.8499790900000002
022402,0.18145461999999998
022403,1.8111472799999995
022404,0.80283662
022405,16.867240760000005
022406,4.446526489999999
022407,1.45317547
022501,1.8788261000000002
022502,64.19200719
022503,18.24288063000001
022504,1.9674061399999998
022505,0.63693512
022506,1.3455715400000001
022507,1.53625931
022601,0.83895064
022602,12.20545259
022603,0.3272543100000001
022604,1.2689317500000001
022605,0.18081851000000002
022606,0.00781795
026101,92.80424729000005
026201,108.51135869999996
026401,923.1553071599993
026501,80.25156454999996
040101,11.750646959999997
040102,11.67565158
040103,0.36360779
040104,0.14972496
040105,1.4707593
040106,0.7769311299999999
040107,0.18109884
040108,1.21172341
040109,1.40394046
040201,30.872226770000005
040202,0.08580059000000001
040203,0.03946451000000001
040204,0.63079955
040205,0.4590004900000001
040206,0.22130246999999997
040207,2.3338140400000005
040208,0.58606466
040209,0.83566002
040210,0.34429762999999997
040301,17.177655590000015
040302,1.63943296
040303,2.16602034
040304,11.843680219999996
040305,4.529899540000001
040306,12.98413177
040307,2.4221061400000004
040308,14.455094720000002
040401,13.824428250000002
040402,0.03027313
040403,0.7586986700000002
040404,1.2272890000000005
040405,0.9981922999999999
040406,1.8638510099999996
040407,3.7809651599999996
040501,18.39367445
040502,0.8083875400000001
040503,0.07402990000000001
040504,4.956672909999999
040505,0.8165867199999999
040506,1.25742171
040601,0.035435350000000004
040602,0.7834986999999999
040603,1.4509417900000001
040604,1.2576256900000002
040605,0.13835026000000003
040606,0.056306690000000006
040701,72.46856880000009
040702,1.2329391200000002
040703,5.30192237
040704,0.03862456000000001
040705,5.40961099
040706,14.180298449999997
040707,3.61172525
040708,1.0389340599999999
040709,2.94604563
040801,20.912001010000004
040802,0.53417251
040803,0.7831996299999999
040804,2.1574863199999994
040805,2.5049535599999997
040806,0.02811993
040807,2.5808618300000004
040808,1.21783255
040809,2.2042981700000004
040901,0.81383768
040902,0.74864366
040903,11.579981120000001
040904,6.61083118
041001,3.460221709999999
041002,2.9659470000000003
041003,22.18511675000001
041004,1.71712991
041005,8.96185599
041101,0.39201113
041102,0.72858289
041103,1.64596639
041104,2.22271713
041105,3.394636490000001
041106,0.06189194
041107,1.1956688
041201,22.623250540000004
041202,0.4466133899999999
041203,1.12653484
041204,0.03839547
041205,0.8594636999999999
041206,0.69707047
041301,1.5589268600000001
041302,7.983713359999999
041303,0.7417434799999999
041304,5.2906759999999995
041401,1.27368332
041402,1.8680536399999998
041403,1.2939589800000002
041404,0.8157110200000001
041405,1.10830269
041406,4.386982700000002
041407,3.2444058
041408,3.37220101
041409,24.10279294000001
041410,0.74988669
041411,2.3044210499999997
041501,8.2434986
041502,0.016616640000000002
041503,3.5557978200000004
041504,2.9418081099999998
041505,1.8426523799999996
041506,2.9508028800000003
041507,2.8901133799999994
041508,1.7301499599999997
041509,4.479716069999999
041601,1.9454815799999996
041602,1.55108602
041603,0.5457176199999999
041604,1.3723515
041605,1.8968225200000002
041606,15.020337939999997
041701,9.720681660000002
041702,0.69543294
041703,0.41951039
041704,2.4636502100000004
041801,3.7214741099999995
041802,1.01731963
041803,1.0052961
041804,4.930006589999999
041805,2.60512812
041806,2.4821977
041807,3.10132346
041808,2.74690011
041809,0.00779677
041810,0.83087488
041811,7.8838593999999995
041812,2.92558734
041813,0.4492042799999999
041901,6.58658952
041902,1.62784726
041903,2.8159271799999996
041904,4.83329578
041905,1.17683112
041906,13.915674890000004
046101,370.3354708099997
046201,80.49016957999997
046301,212.26748737999998
046401,93.83404106999998
060101,13.173289310000001
060102,4.847020529999998
060103,0.40682949
060104,0.2923934
060105,1.20236904
060106,0.5372140500000001
060107,1.1785726199999997
060108,0.3931658699999999
060109,0.7276298900000001
060110,0.18050178
060111,1.0118235099999997
060112,0.35069555
060113,0.39690538000000003
060114,0.5380901299999998
060115,0.21127298
060116,0.45163989
060117,0.34211735000000004
060118,1.57977169
060119,1.0323771699999997
060201,31.753506459999993
060202,0.55063334
060203,4.887e-05
060204,0.32214226
060205,1.4732702699999998
060206,0.71998829
060207,3.02863955
060208,0.9217687
060209,0.7563024700000001
060210,0.49100317
060211,0.32644311
060212,0.41302053000000005
060213,3.305e-05
060214,0.19607084000000002
060301,2.18697039
060302,0.6931265200000001
060303,0.02043528
060304,0.9411596999999999
060305,0.25050803
060306,0.8003797699999999
060307,0.35886732
060308,0.01553639
060310,1.1968009899999998
060311,1.2005353300000001
060312,0.8432109399999999
060313,1.87894735
060314,0.3730847
060315,0.9478895900000001
060401,25.04514214
060402,1.53034077
060403,0.54629229
060404,0.00221638
060405,0.8580632300000002
060406,0.0028554400000000003
060407,0.66513742
060408,1.8903270399999998
060501,0.7159731900000001
060502,0.40746369000000005
060503,0.5484355999999999
060504,0.69530905
060505,21.247036370000004
060506,2.25474186
060507,0.71726346
060601,15.65694726
060602,0.55639222
060604,1.1295649500000002
060605,0.006642319999999999
060606,0.34211824
060607,0.15027793
060609,0.14205058
060610,0.44689097
060611,0.00037637
060701,39.81882756000001
060702,1.6582816799999998
060703,5.412e-05
060704,0.9096315899999998
060705,0.0027280200000000003
060706,0.59656482
060707,0.78687084
060708,1.40941052
060709,0.3278274
060710,0.91492616
060801,35.198696219999995
060802,0.76074109
060803,0.82834639
060804,0.32243724
060805,1.4284562799999998
060806,1.8028929000000002
060807,0.00401808
060808,1.09149468
060809,0.39219859000000007
060810,2.00593675
060811,0.9296799299999999
060812,0.66643386
060813,0.7056775999999998
060901,11.06578943
060902,0.50264963
060903,9.414458730000002
060904,2.53489888
060905,2.5841742300000003
060906,0.82002692
060907,2.75242552
060908,3.6554489299999995
060909,0.55047642
060910,3.1735569600000004
060911,6.33551316
060912,0.78835306
060913,0.60073805
060914,1.1643406799999998
060915,0.54703517
060916,0.10026724000000001
061001,2.5947258100000004
061002,1.5323692100000001
061003,22.696142520000006
061004,2.3660885
061005,1.6914991400000001
061006,1.01339019
061101,48.383311139999975
061102,2.8769158399999997
061103,0.89059542
061104,0.9202076100000001
061105,0.02246991
061106,0.28700439000000005
061107,7.88469779
061108,8.444e-05
061109,0.8178446
061110,0.45874863000000005
061111,0.34730247999999997
061201,1.47172989
061202,0.29130928999999994
061203,0.008980269999999999
061204,0.6011574900000001
061205,18.15029905
061206,6.648249970000001
061207,0.00332122
061301,0.35666633000000003
061302,0.47615086000000006
061303,0.26970666
061304,12.64237573
061305,0.5686936
061306,0.25905423
061307,0.5153494
061401,70.82103214000001
061402,0.82050809
061403,0.6454241
061404,3.83591198
061405,1.4561471600000002
061406,1.54104882
061407,3.5149956399999995
061408,5.589493780000001
061409,0.023516669999999996
061410,0.76388294
061411,1.11090139
061501,26.04193154
061502,0.51382585
061503,0.63830233
061504,0.8905388599999999
061505,1.26204514
061506,0.00343794
061507,0.00629927
061508,1.11772451
061601,16.27507327
061602,0.69798497
061603,0.44355631000000006
061604,17.73177893
061605,0.6682132
061606,0.5585771199999999
061701,35.37964710000002
061702,1.0436990899999998
061703,3.0625489200000002
061704,0.27701136
061705,2.7537795900000006
061801,34.535844250000004
061802,0.73833209
061803,0.25182994
061804,0.4876917700000001
061805,2.18713082
061806,1.9108162000000002
061807,0.72603175
061808,0.89212059
061809,0.03729905
061810,1.03269052
061811,0.0042235
061812,2.2751245300000003
061813,0.8898827300000001
061901,19.520971449999994
061902,0.20785563
061903,0.9108353699999998
061904,0.2807655
061905,1.7377201100000002
061906,0.36987372999999996
061907,0.75617523
062001,0.6451304700000001
062002,0.25426598
062004,2.0351222
062005,1.26269632
062006,0.7699618699999999
062007,0.48414246
062008,0.56032918
062009,0.54754632
062010,0.535975
062011,0.62659022
062012,0.28995592000000003
062013,3.98370346
062014,0.01830285
062015,4.31160563
066101,62.90150461999998
066201,6.927231839999999
066301,482.9513136000002
066401,90.24763983000005
080101,22.941365780000016
080102,5.4295073999999985
080103,2.3614467599999998
080104,1.7966931400000001
080105,1.71331298
080106,2.0646182599999996
080107,4.506972510000001
080201,20.61055787
080202,0.32223404
080203,0.48874573
080204,0.5654437600000001
080205,0.029776139999999996
080206,12.890299710000004
080207,0.33005322000000004
080301,0.58497615
080302,27.992385389999992
080303,2.20735281
080304,1.8768068599999999
080305,11.361410570000002
080306,5.87440448
080401,37.999944590000005
080402,0.1311802
080403,0.9696616399999999
080404,4.605531159999999
080405,0.13263332
080406,3.71419231
080407,0.65187317
080408,0.49199359
080501,2.9661028799999998
080502,1.5963126899999998
080503,3.3137630099999993
080504,6.33726894
080505,53.998663300000004
080601,4.7862645200000005
080602,11.814067710000003
080603,1.12518651
080604,14.432886430000002
080605,0.4324170400000001
080701,2.1374932399999995
080702,1.44879925
080703,2.299875690000001
080704,14.664208249999998
080705,8.625303520000001
080801,3.4439990299999996
080802,5.22298382
080803,0.53991034
080804,0.48285611
080805,30.155279120000007
080806,5.34513891
080901,3.6813187100000007
080902,0.8612888699999999
080903,2.1807756400000002
080904,6.463150959999998
080905,1.91882669
080906,19.509497009999993
080907,1.1339594899999998
080908,0.5330135199999999
080909,0.5835326200000001
081001,0.49418911
081002,24.524571350000006
081003,0.51666596
081004,2.5031147400000004
081005,0.95575769
081006,0.46680423
081007,15.938292140000007
081008,0.44749934999999996
081009,0.00251874
081101,3.9671501800000004
081102,38.128950060000015
081103,3.378549419999999
081104,2.2745381
081105,0.35986783000000006
081106,10.087951839999999
081107,0.2680766
081108,4.23746432
081109,1.53525748
081110,0.6831262599999999
081201,7.835513540000006
081202,1.64302058
081203,14.37846072
086101,141.84815021999995
086201,168.28552541000036
100101,53.976422029999995
100102,0.09668453
100103,0.37622983
100104,2.59548923
100105,0.43368817
100106,1.90156689
100107,15.971800970000002
100108,4.55517196
100201,67.87100973000001
100202,0.6512448000000001
100203,0.33067525000000003
100204,3.4439904999999995
100205,2.1869664999999996
100206,0.03079025
100207,0.53699244
100208,0.57669046
100209,0.06704996
100210,0.54301921
100211,10.175549340000005
100301,0.6384823000000001
100302,30.265204660000006
100303,1.85483005
100304,1.66458585
100305,0.45608742999999996
100401,14.01411809
100402,0.73396036
100403,0.14700216999999996
100404,1.09114572
100405,0.15224957
100406,1.2942550800000001
100407,1.03493796
100408,0.8912714500000001
100501,52.67367897999999
100502,1.31948865
100503,0.48545126999999993
100504,1.03626262
100505,1.05944383
100506,0.12093874000000002
100507,0.19590744999999998
100508,0.6345769499999999
100509,1.6700511200000003
100510,2.06038789
100602,11.448101199999998
100603,2.7757265499999995
100607,14.309345680000003
100608,0.0270773
100610,26.59880385999999
100611,10.713765419999998
100701,0.51854449
100702,2.9970779299999997
100703,0.58145173
100704,32.02144142
100705,0.62940972
100706,0.43135259000000004
100707,0.49075625
100708,1.33465771
100801,22.03271938
100802,62.367382719999995
100803,1.24970018
100804,1.8165403500000001
100805,4.3931798
100806,2.13511295
100807,0.017538680000000004
100901,7.5312867400000005
100902,0.77840979
100903,0.28873569000000004
100904,13.463379029999999
100905,0.9706876400000001
100906,0.47542068000000004
100907,0.16888024999999998
100908,1.16103371
101001,0.20589590000000002
101002,0.99275751
101003,2.673027410000001
101004,1.3343016200000002
101005,0.07508417
101006,4.02341972
101007,0.70976433
101008,4.252845600000001
101009,6.7338287900000005
101010,2.9777097299999995
101011,4.76511531
101101,0.1103652
101102,1.2934433600000004
101103,12.582074389999999
101104,4.3359437
101105,1.1261193
101106,0.6872579
101201,49.50948204
101202,0.60470853
101203,0.9781358200000001
101204,1.2253707699999998
101205,2.58828975
101206,0.53393753
101207,1.15561211
101208,1.1978061100000001
101209,1.14541135
101210,0.25390312
101211,3.1240652300000002
101212,0.023154869999999998
101213,0.59269167
101214,0.44259949
101301,28.706629659999997
101302,6.4599623699999995
101303,0.9213837300000001
101304,0.11370625999999999
101305,1.1324101599999998
101306,1.3203028099999998
101401,55.58961503999999
101402,4.54362325
101403,0.89923067
101404,2.16535478
101405,1.0910149000000002
101406,1.97906083
101407,0.50314063
101408,0.004035069999999999
101409,2.99167446
101410,1.5143480400000002
101411,4.08128432
101501,0.67254116
101502,0.5194626
101503,0.37138954
101504,264.7352406299997
101505,0.62280873
101506,0.58550043
101507,0.53501404
101508,0.02581569
101509,0.57833233
101601,73.61141525999999
101602,0.83689023
101603,0.5004011599999999
101604,1.38327594
101605,1.5396581299999998
101606,1.46562433
101607,1.2840552499999998
101608,3.7905279400000005
101609,0.018405200000000004
101610,3.4371624400000003
101611,0.33280096000000003
101701,0.0322671
101702,0.83082779
101703,0.7093764699999999
101704,0.9246831499999999
101705,2.7355869399999997
101706,0.72155329
101707,0.74143942
101708,0.7743445499999999
101709,47.74635824999999
101710,1.19945935
101801,0.9132733399999999
101802,1.28843748
101803,1.17034131
101804,2.48312724
101805,0.61192289
101806,0.9939225999999999
101807,9.13060826
101901,50.15433229999999
101902,2.8778117699999997
101903,0.37058852999999997
101904,0.01576071
102001,11.230072350000004
102002,14.146820379999998
102003,48.41474877999996
102004,16.230433509999994
102005,0.00272062
102006,0.00987339
102007,2.7332629600000002
102008,10.670566280000001
102009,0.6082499
102101,15.275963000000003
102102,0.26059459
102103,1.9227213399999996
102104,1.3208970400000002
102105,0.76105311
106101,702.4919020500015
106201,95.39148600000004
106301,56.3796679
120101,54.08991316999999
120102,0.30776329
120103,0.55323384
120104,0.9171016799999999
120105,1.9854754
120106,3.6829321999999998
120107,1.44401949
120108,1.34826176
120109,1.2345910400000002
120201,1.0255854199999999
120202,36.40724155999998
120203,2.5594261400000007
120204,2.73939946
120205,1.6812213299999998
120206,1.50974321
120207,1.7640937
120301,5.0580302900000005
120302,3.1268284800000004
120303,50.951913169999976
120304,17.415165350000002
120305,23.127171149999988
120401,0.25181748000000004
120402,9.405409220000003
120403,0.19686341000000002
120404,0.19124585
120405,0.6893348
120406,0.36147384
120407,10.483254509999998
120501,54.44652378000002
120502,2.4931915599999996
120503,3.5291734100000003
120504,0.19645353999999998
120505,0.56262823
120506,1.4071495499999995
120507,0.9033621499999999
120508,1.3134837
120509,0.66331785
120510,2.07766262
120601,3.6004968699999997
120602,0.18518059
120603,0.7970436999999999
120604,0.49635736999999996
120605,4.320218239999998
120606,24.664409629999998
120607,10.013952960000003
120608,2.7364231699999997
120609,8.361863520000004
120610,3.2916879399999996
120611,37.52848248000001
120612,4.49687202
120613,0.36426085999999996
120614,7.1205463600000005
120615,30.375857269999994
120616,21.17767245
120617,8.72175752
120701,34.13151176000001
120702,16.18037741
120703,2.06276711
120704,1.6193466
120705,1.8138720099999999
120706,1.82106388
120707,0.06214825
120708,1.9774014
120709,0.29619535999999996
120710,0.8697421000000001
120711,1.17838444
120712,2.96881394
120801,1.7657381399999996
120802,0.55921766
120803,0.66825115
120804,1.44311714
120805,20.568141480000005
120806,0.56583562
120807,0.32134745
120901,9.04658011
120902,1.68358674
120903,55.40229580999998
120904,2.14419586
120905,0.7708189299999999
120906,1.8598336199999999
120907,11.803640479999997
120908,1.3893983199999997
120909,1.6208162300000002
121001,9.85214223
121002,4.19413665
121003,2.14273388
121004,0.95110237
121005,1.5176888000000002
121006,1.9992722799999998
121007,11.04167025
121008,0.98595572
121009,4.28616364
121010,3.4289737500000004
121011,3.1303893900000004
121012,1.4644747100000002
121013,4.45356835
121014,2.81417041
121015,1.06892778
121016,11.879620969999998
121101,61.62864804999997
121102,6.154823810000001
121103,5.387232829999999
121104,2.0170590300000004
121105,3.664554549999999
121106,2.89796348
121107,0.38807694000000004
121108,1.86373349
121109,0.26375448999999995
121110,0.8139246499999999
121111,2.5944666600000006
121112,14.40985814
121113,1.4938299099999999
121114,4.56841333
121201,8.420735699999998
121203,2.26771893
121204,7.203217389999998
121205,43.29991377
121206,0.6395330399999999
121207,8.47604574
121301,72.17727057
121302,8.423190040000001
121303,8.994050779999998
121304,36.51060652000001
121305,1.91291344
121306,0.13146258
121307,1.34058023
121308,1.56562974
121309,8.048770999999999
121401,0.6456161799999999
121402,1.34590812
121403,1.6413632799999998
121404,0.18211807000000002
121405,10.123148799999997
121406,0.19963861999999996
121501,0.50281089
121502,30.884184789999992
121503,1.4761789199999997
121504,0.1062072
121505,0.08473803999999999
121506,6.035381820000002
121507,3.29331753
121508,2.99737373
121509,1.7612651600000002
121601,1.4449771999999999
121602,1.6052379300000001
121603,1.4625253299999996
121604,1.00769135
121605,0.96063767
121606,1.36306201
121607,0.7697474299999999
121608,2.7656414799999998
121609,0.40330648999999996
121610,0.15128568
121611,3.4654522899999995
121612,0.58419293
121613,3.2599302699999995
121614,4.2779207999999995
121615,5.27103874
121616,0.92116595
121701,68.64064685000001
121702,1.17632715
121703,18.49622331999999
121704,4.163977090000001
121705,5.446837940000001
121801,21.943757519999988
121802,1.64914203
121803,15.046651050000001
121804,0.8850938899999999
121805,0.41526421999999996
121806,1.7398506599999999
121807,0.7607802199999999
121808,0.07207045000000001
121809,44.93533110000002
121810,1.0257004200000002
121901,0.7669402000000001
121902,7.057637660000003
121903,6.305373409999999
121904,34.99005048000001
121905,59.44811127999999
126101,1266.7259868600008
126201,107.83682392000001
126301,172.88176592000005
140101,14.916338130000003
140102,1.74597793
140103,0.34048166
140104,0.03269844
140105,0.81150731
140106,0.23769361000000003
140201,61.717461820000004
140202,0.03824246
140203,2.4808499200000003
140205,0.8287415
140206,0.78920579
140207,3.9814105099999995
140208,0.37354362999999996
140209,1.49726026
140301,46.50203364000001
140302,5.818888479999999
140303,1.07956107
140304,0.06266722
140305,0.8805322099999999
140306,0.00271235
140307,2.72435864
140308,0.42002177999999996
140309,0.43021202
140310,3.4626449800000003
140311,1.8192838900000001
140312,1.05537902
140313,2.3100934599999996
140314,3.52719394
140401,26.96138059999999
140402,0.02994119
140403,0.30236767999999997
140404,0.95012685
140405,0.59090358
140501,16.10457305
140502,7.975974399999999
140503,1.4610787300000005
140504,65.50599282000002
140505,2.3985399700000003
140506,4.00704441
140601,1.68072843
140602,4.15354066
140603,3.2299594600000003
140604,1.13406265
140605,43.36075340999998
140606,1.15949351
140607,3.948089149999999
140608,6.873644809999999
140609,1.08220424
140611,12.797484959999998
140701,0.00101395
140702,0.92600453
140703,0.8328256599999999
140704,0.22295525
140705,30.01663178
140706,1.5015158
140707,0.39633814
140801,51.514448439999995
140802,15.40871121
140803,10.41625533
140804,8.732601469999999
140805,6.09254542
140901,0.01513164
140902,1.03136766
140903,8.714890629999998
140904,0.39363392
140905,0.9254087900000001
140906,0.52001741
141001,0.25576307000000004
141002,10.796809509999997
141003,0.30103981999999996
141004,0.27185226
141005,0.68569598
141006,0.008083459999999999
141101,18.40298747
141102,0.00676066
141103,0.8382638
141104,1.17079879
141105,0.18843955
141106,0.00270945
141107,2.87542136
141108,0.21754977
141109,0.22998844
141110,0.01727881
141201,73.23496329999999
141204,1.7883411200000001
141205,2.54165479
141206,1.23195996
141207,11.006887940000004
141208,0.44828336999999996
141209,3.28573222
141210,0.26702824999999997
141211,0.11653021000000001
141212,2.8344791
141213,2.00914332
141214,0.9829063299999999
141215,22.66886162000001
141301,46.50685891
141302,0.34164172000000004
141303,0.40543484
141304,0.95687355
141305,2.103142380000001
141306,0.7289749899999999
141307,1.3801153999999998
141308,0.11906786999999999
141309,0.86822661
141310,0.76260526
141401,41.15159555000001
141402,5.0318381200000015
141403,2.31379801
141404,11.556859949999996
141405,1.30423621
141406,3.6328415400000003
141501,1.6443804100000001
141502,0.02312852
141503,0.90985136
141504,1.19208813
141505,3.9283366299999996
141506,2.80119742
141507,1.6183879
141508,4.277919980000001
141509,0.06243290000000001
141510,1.5082391899999998
141511,0.59422382
141601,28.90149349999999
141602,0.28664574000000004
141604,0.87936609
141605,3.3808718499999992
141606,0.20641710000000002
141607,0.8208341499999999
141609,0.021358509999999997
141610,0.6668226399999999
141611,0.48152912999999997
141701,13.294548630000003
141702,39.374301
141703,2.945920599999999
141704,13.72914549
141705,2.5495354100000003
141706,0.5285427699999999
141707,0.1359343
141708,5.98531469
141801,22.436380899999996
141802,29.49591177999999
141803,23.332355560000003
141804,150.00620972999997
141805,3.76578692
141806,13.869881720000004
141901,2.9348397299999998
141902,1.5957345500000004
141903,1.43360486
141904,0.78517361
141905,2.53867623
141906,6.148892540000001
141907,1.38860091
141908,1.17807475
141909,0.5179970300000001
141910,1.6281823
141911,0.87348459
141912,1.8440392900000002
141913,0.13542155
141914,1.77186595
141915,2.1807434999999997
142001,30.244307030000012
142002,4.7960566700000005
142003,1.5251118499999996
142004,1.21314891
142005,0.6951337399999999
142006,0.61960889
142007,1.00802219
142008,1.9189457100000002
142009,0.03544872
142010,0.35385474999999994
142011,1.5698140900000002
142012,1.5140577899999998
142101,20.536942969999995
142102,68.14561898
142103,21.287058460000004
142104,20.860341279999997
142105,15.345466329999995
142106,82.78420172999999
142201,31.640520920000007
142202,0.06739942
142203,0.23361421
142204,1.2048948700000002
142205,0.41815174999999993
142206,0.47125890000000004
142207,0.00730332
142301,0.06843067
142302,0.40483253
142303,0.34624999
142304,0.38222591000000006
142305,1.29056849
142306,10.086433959999997
142307,0.06306006
142308,0.74699673
142401,0.5665900899999999
142402,0.9832133599999999
142403,0.19136416
142404,32.26288499
142405,0.8041965200000001
142406,0.94135226
142407,1.08406367
142501,14.2789222
142502,1.48640066
142503,3.5168370299999996
142504,1.32912533
142505,3.90404428
142506,5.6710000000000004e-05
142507,0.16713327
142508,0.20716236
142509,0.8286769900000001
142510,3.6643145699999993
142511,2.7173696399999994
142512,1.8019409899999999
142513,1.0776348399999998
142601,0.40370010999999995
142602,0.28061703
142603,1.81211013
142604,0.7608681
142605,1.26663719
142606,0.37282434000000003
142607,0.33760712000000004
142608,0.39209698
142609,1.34373289
142610,0.6371185699999999
142611,0.7898340799999999
142612,0.42046888000000004
142613,2.6953031200000006
142701,32.30521936000002
142702,1.1147691000000002
142703,1.0898654800000005
142704,0.7170231799999999
142705,0.28745466
142706,0.39384503000000004
142707,0.0466648
142801,60.743429000000006
142802,0.67881092
142803,1.20538707
142804,1.65454121
142805,0.8649711800000001
142806,0.8020279300000001
142807,3.76591126
142808,6.090815380000001
142901,27.108352799999988
142903,0.15711839
142904,0.63962293
142905,1.3236571699999997
142906,0.4799955
142907,0.27500891
142908,0.00532299
142909,0.44800879000000005
143001,0.74058852
143002,0.1069727
143004,2.0368088099999997
143005,15.827495669999998
143201,29.950236169999997
143202,10.07396535
143203,0.9819572500000002
143204,5.73516174
143205,48.31631024
143206,32.804401169999984
143207,17.717479920000006
143301,19.322688309999993
143302,0.6402437
143303,0.35204485999999996
143304,0.02436306
143305,0.23460624000000002
143306,0.43273401
143307,1.2317080599999999
143308,0.7328254999999999
143309,0.02488118
143401,11.30104541
143402,47.02998757000002
143403,50.19600347
143404,16.41626257
143405,3.1440358
143406,1.37178763
143407,1.6609005500000003
143408,0.5765245300000001
143409,25.819785939999996
143410,0.15060369999999998
143411,9.853762850000004
143412,58.138191019999994
143501,0.88721028
143502,1.1592163700000002
143503,0.8993313900000001
143504,0.53407895
143505,52.65526851
143506,2.0889885299999995
143601,0.40218661
143602,0.57364214
143603,0.30790664
143604,0.7063723900000001
143605,14.030885719999999
143701,1.9390562400000002
143702,0.0083322
143703,0.37763554
143704,0.28138047
143705,0.4757955
143706,21.07891774
143801,49.33780869999999
143802,11.67264084
143803,1.38245093
143804,18.24643100000001
143805,1.02217812
146101,71.6928947
146201,148.36891350999994
146301,225.33911288999985
146401,105.24873842999997
146501,3228.2512548300124
160101,33.552515830000004
160102,2.1282406
160103,8.36829445
160104,4.517922010000001
160105,1.09976156
160106,0.37482969999999993
160201,0.7364878600000001
160202,1.26743657
160203,10.101487569999998
160204,3.30454219
160301,51.56338683
160302,0.33898428
160303,0.6522184499999998
160304,0.58048119
160305,0.59760645
160306,1.0614833799999999
160401,1.8281768600000001
160402,28.764268359999996
160403,0.10008856000000001
160404,4.65904893
160501,2.36185839
160502,12.343675199999996
160503,1.33750416
160504,0.48817869999999997
160505,3.9776512
160601,0.7942195300000001
160602,17.162033209999997
160603,0.52217706
160604,0.21353212
160605,0.24169918
160701,8.64868672
160702,0.16923221
160703,1.7052876799999999
160704,0.5782974500000001
160705,47.26991243999999
160706,4.39878509
160707,3.8881805200000006
160708,0.45643879000000004
160709,0.5188474599999999
160801,2.8261077799999996
160802,0.07765838000000001
160803,7.23791299
160804,6.0122621899999995
160805,0.13536106
160806,0.59858411
160807,2.09346751
160901,1.8550353700000002
160902,1.3974171000000002
160903,4.62637069
160904,1.6088499199999997
160905,2.3648500099999996
160906,1.03305427
160907,7.591766879999998
160908,11.582613760000001
160909,1.5558073099999996
160910,2.0391586700000004
160911,3.6063404399999994
160912,1.2300361899999999
160913,7.481823289999999
161001,1.69412573
161002,4.066551960000001
161003,0.05444752
161004,15.094561380000002
161101,1.15906377
161102,0.81965607
161103,0.5633354399999999
161104,1.23138128
161105,14.849740920000002
161106,2.27748237
161107,3.42389999
166101,167.06972894999987
180103,0.10587540999999999
180105,1.0604049500000001
180108,10.608930299999995
180201,19.760344649999997
180202,1.23028282
180203,0.55097398
180204,0.9073923699999998
180205,0.7789268300000001
180206,0.5099415
180301,75.65642367000004
180302,2.510565319999999
180303,1.5601868200000002
180304,3.2512505
180305,0.51075554
180306,4.403210839999998
180307,3.7134852800000004
180401,57.06448949000001
180402,9.285310970000001
180403,0.37240377999999996
180404,0.04656342
180405,0.9059460300000001
180406,0.21106759999999997
180407,2.8878298300000003
180408,0.05479505
180409,0.57770149
180410,1.1543226900000005
180411,2.38751132
180501,54.26361538000002
180502,0.31158926
180503,0.8011410699999999
180504,0.38488310000000003
180505,1.4921943800000004
180506,0.22681342
180507,2.17106043
180508,0.22165385
180509,0.89199026
180511,0.08108834
180601,0.6120285400000001
180602,26.60530964
180603,0.8609213600000001
180604,0.5539639900000001
180605,1.0653658
180606,0.69749935
180701,2.1594911600000004
180702,6.249911870000002
180703,5.266495290000002
180704,7.966652139999997
180705,2.932220459999999
180706,1.36800039
180707,5.49906128
180708,4.46654385
180709,0.9291261399999999
180710,0.19890257
180801,27.98394315000001
180802,1.1436456199999998
180803,0.66256048
180804,0.22668424000000004
180805,6.07082553
180901,16.854729
180902,1.6025494200000003
180904,0.00722975
180905,1.2957000200000002
180906,0.9455287299999999
180907,0.41800845
180908,0.22699317
181001,35.80636505999999
181002,1.17981636
181003,1.77597835
181004,0.08263598
181005,1.3872576699999999
181006,1.1252952500000002
181007,1.7420570599999996
181101,134.85342805000002
181102,1.02309839
181103,1.2767168100000004
181104,0.4607423600000001
181105,0.21966104
181106,1.32929362
181107,3.4925001899999994
181108,4.967494690000001
181109,1.0959103499999998
181110,1.17216848
181201,0.68255252
181202,0.33305466
181203,1.67517692
181204,0.54362601
181205,20.999948410000002
181206,1.126804
181207,1.2526110000000001
181301,0.9953375899999999
181302,1.61478005
181303,0.5563249299999998
181304,1.67089004
181305,0.3484062
181306,1.2781381000000003
181307,1.7798036899999998
181308,0.02814803
181309,0.96840861
181310,1.24863751
181401,28.22769095
181402,0.18912468
181403,0.55596645
181404,0.71667044
181405,2.5223274800000004
181406,0.061600220000000004
181407,2.55363738
181408,2.1590939899999997
181409,1.35141738
181501,1.42384402
181502,1.5351914400000002
181503,28.46864602
181504,7.558214530000002
181505,0.97851675
181601,4.710260559999999
181602,2.4233357299999994
181603,5.3394921
181604,1.13191401
181605,0.0047202500000000005
181606,6.844653900000001
181607,0.95636949
181608,2.0290229899999996
181609,17.240122140000004
181610,0.9205683899999998
181611,2.8357871600000006
181612,3.84603654
181613,7.419775980000001
181614,4.5395670899999985
181701,50.56320160000002
181702,0.3375081
181703,0.5289259699999999
181704,0.64599153
181705,0.14432533
181706,0.1254555
181707,3.8218183800000003
181708,1.2242342500000003
181801,77.09090673000003
181802,0.8340264799999999
181803,1.22648271
181804,0.7802152399999999
181805,2.7407070799999995
181806,1.09507472
181901,0.43590603
181902,2.2513411100000003
181903,1.2026348999999996
181904,17.751335149999996
181905,0.7850138499999999
182001,1.5061618700000003
182002,8.068404189999999
182003,1.25368798
182004,6.80284988
182101,0.6081751799999999
182102,2.2531444400000002
182103,10.387753029999994
182104,0.90157831
182105,3.638286140000001
186101,67.60052324999997
186201,8.151548830000001
186301,311.88527825000034
186401,13.539087840000002
200101,33.292024119999994
200102,0.004469150000000001
200103,0.99778362
200104,0.65092198
200105,0.40571177999999997
200106,0.46311627
200107,0.68164754
200201,5.31183116
200202,2.1689785799999997
200203,1.6164234299999998
200204,0.54718026
200205,4.693627230000001
200206,5.75556584
200207,1.08174117
200208,0.26116043
200209,3.1891523099999985
200210,0.19963122
200211,1.78275653
200212,2.22463915
200213,5.345427600000002
200214,1.70682895
200215,0.34284872
200301,28.158654600000002
200302,1.1453590100000002
200303,0.020403829999999998
200304,0.6643865
200305,0.00143952
200306,0.30595924
200307,0.04693158
200308,0.11895407
200401,21.357384760000002
200402,0.00188639
200403,0.41860678
200404,0.8543967299999999
200405,1.61513474
200406,0.23594629
200501,19.006595109999996
200502,1.3802658099999998
200503,0.5033087700000001
200504,0.02982444
200505,0.00696756
200506,0.17785955
200507,0.32718297999999996
200508,1.34052551
200509,0.52669147
200601,11.50316147
200602,0.5099418099999999
200603,0.01195128
200604,0.6512061200000001
200605,0.90024361
200606,1.0003342
200701,1.1050623099999999
200702,0.25733665
200703,0.98117661
200704,0.86912289
200705,1.7428888500000002
200706,0.34041214999999997
200707,1.5967908400000002
200708,0.41504303
200709,0.65817342
200801,0.5136583100000001
200802,0.80791265
200803,0.21312535999999999
200804,1.3927760199999997
200805,0.6208905600000001
200806,7.772421520000001
200807,0.16850099
200901,4.554879000000001
200902,0.49164462999999997
200903,0.23833872
200904,0.68355213
200905,0.01714449
201001,16.863498230000005
201002,1.02064309
201003,0.43193228
201004,0.42980072
201005,0.25286654
201006,0.06425736
201008,0.10458467
201101,6.1354168399999995
201102,0.5916728499999999
201103,0.56736068
201104,0.5651119099999999
201105,1.6884248400000001
201106,0.035640359999999996
201107,0.06741845
201108,14.459399860000003
201109,3.00202561
201110,0.03669919
201201,0.1421776
201202,1.28751572
201203,0.4552438199999999
201204,0.11742772000000001
201205,0.8491403399999999
201206,0.09450601
201207,0.0079804
201208,2.4958913599999994
201209,0.68624779
201301,9.228218189999998
201302,0.37503559
201303,2.0187749599999996
201304,0.27159880999999997
201306,0.22140114999999996
201307,0.43856096999999994
201308,0.86711041
201309,1.2491578199999998
201310,0.11036531
201401,17.416851590000007
201402,0.51754624
201404,1.5027083799999998
201405,0.09152798
206101,325.0834023599994
206201,63.18964356
206301,85.67407306000003
220101,0.19768626
220102,34.57094141000001
220103,1.64181524
220104,1.3189210500000002
220105,0.5807360300000001
220106,13.653571090000003
220107,0.28101199000000004
220108,0.22216277
220109,0.78286598
220110,0.7649921399999999
220201,41.967752430000026
220202,9.579035139999995
220203,0.24215831
220204,12.35153986
220205,0.9634099999999999
220301,23.637629529999995
220302,3.18570331
220303,0.02398915
220304,3.4377465599999995
220305,0.60589309
220306,3.0137357799999998
220307,0.95571226
220401,63.26952593999997
220402,2.27306184
220403,23.312040290000002
220404,1.57901381
220405,2.2534713900000005
220406,4.52460606
220407,0.5372718799999999
220408,3.42268892
220501,1.73238409
220502,26.693037330000006
220503,4.438022469999998
220504,12.474199659999998
220505,4.642304440000001
220506,4.245932499999999
220507,1.35055099
220508,25.106184700000014
220601,26.291329419999993
220602,1.96296139
220603,1.9516260799999996
220604,0.77597665
220605,0.35804998
220606,1.5382844000000002
220607,2.3405197299999996
220608,0.37183821
220701,27.521496879999997
220702,0.8434750200000001
220703,0.025321169999999997
220704,4.98631251
220705,0.5482647199999999
220706,0.54745754
220801,50.577070370000015
220802,7.904736950000001
220803,1.16457426
220804,2.8348963600000006
220805,1.39884458
220901,38.368684869999996
220903,0.29999423999999997
220904,0.18937506999999998
220906,0.22654049999999998
220907,1.4733503799999998
220908,1.16854785
221001,3.5954138699999993
221002,8.21933072
221003,0.88246192
221004,5.4725837299999975
221005,1.57262798
221101,3.4812982999999993
221102,9.002937499999998
221103,18.08624534000001
221104,26.201984509999996
221105,11.511555290000002
221106,7.219118409999999
221107,0.5878856899999999
221201,22.974364509999997
221202,1.5360831799999999
221203,1.8990699500000001
221204,2.09288703
221205,2.20633824
221206,13.96999137
221207,2.24133153
221208,1.5422148300000005
221209,0.80714824
221210,0.24873459000000003
221301,1.52855588
221302,3.5512380299999995
221303,46.08359636000002
221304,0.92218476
221305,1.4834432800000001
221306,2.3173478699999994
221307,0.29286169000000006
221308,0.5605538600000001
221309,5.011329069999999
221310,0.05467152
221311,1.3176298599999998
221312,0.1296567
221313,4.77545327
221401,44.521987040000006
221402,5.468590719999999
221403,1.0064987200000002
221404,8.34685439
221405,1.34503
221406,1.03826902
221501,16.78196269
221502,70.11887809999999
221503,48.53677334
221504,2.9345872600000007
221505,2.0778734999999995
221506,1.19703537
221507,6.226266430000001
221508,4.10542531
221509,7.394702589999998
221510,2.45628542
221601,5.05841283
221602,0.70530236
221603,0.41274578000000006
221604,0.5928357
221605,9.627028500000002
226101,655.0182663099994
226201,291.9155044199993
226301,139.73002383000002
226401,61.87986121999997
240101,35.2989792
240102,31.685200019999996
240103,3.1531420400000005
240104,1.7910737799999996
240105,1.5814798599999997
240106,1.5853541299999998
240107,6.571032149999998
240108,3.879030919999999
240201,8.012123579999997
240202,1.9662912399999999
240203,3.2181468599999996
240204,26.30865642
240205,7.466349480000001
240206,3.9950886600000004
240207,10.539184919999999
240208,4.97541354
240209,6.18892219
240210,3.0988407199999997
240301,35.77650231000001
240302,14.493832089999998
240303,10.266386499999998
240304,4.263107649999999
240305,2.6751307699999995
240306,1.1950685300000001
240307,1.10716564
240308,2.0889953600000006
240309,3.3423994799999996
240310,13.800984939999998
240311,5.25824321
240312,4.23405403
240401,5.490466949999999
240402,0.26121277000000004
240403,1.5488916000000001
240404,1.55187064
240405,2.55050604
240406,6.586439669999999
240407,2.0945105099999997
240408,1.4066890799999998
240409,0.46514311
240410,1.48875564
240411,1.6154349000000003
240412,2.84007661
240413,6.602731920000001
240414,0.44628611
240415,2.85994627
240416,0.25736950999999997
240501,31.807141890000004
240502,11.448310969999998
240503,3.23164737
240504,3.75659781
240505,1.6621664
240506,4.9246225500000005
240507,2.8985679899999997
240508,0.76197229
240601,12.807234030000002
240602,4.936191969999999
240603,0.41671259
240604,0.88075926
240605,0.08245436
240606,2.03236651
240607,1.14021251
240608,1.2236432499999998
240609,0.01589008
240701,21.00621658
240702,0.47217238
240703,0.79766767
240704,1.21911563
240705,0.59277634
240706,2.73610592
240707,1.1748397
240708,2.8995299500000007
240801,6.320940740000001
240802,32.069071130000005
240803,5.96768663
240804,2.31546285
240805,3.10768993
240901,19.40245826
240902,4.925817150000002
240903,0.36870853
240904,3.70508768
240905,2.2675631
241002,3.2236162800000003
241003,3.8473216999999997
241004,5.6345847099999995
241005,28.850540699999993
241006,3.6589404299999995
241101,45.309691020000024
241102,0.6575351199999999
241103,0.9264951699999999
241104,3.6454145899999997
241105,3.7763914499999998
241106,1.9083995700000003
241107,4.064852620000003
241108,0.44252595999999994
241201,11.343078700000001
241202,1.1382591999999998
241203,0.23753149
241204,0.38050132999999997
241205,4.6293757000000015
241301,2.75686078
241302,1.6693332200000002
241303,2.02681238
241304,45.27699455999998
241305,0.35414944000000004
241306,9.875624230000003
241307,3.5633364100000002
241308,1.1943103800000001
241309,3.261555430000001
241401,8.13455914
241402,6.210859640000001
241403,7.141860890000001
241404,1.2672392399999999
241405,0.50465311
241501,4.2622385099999995
241503,10.319659849999999
241504,33.960057549999995
241505,2.8571009599999995
241506,4.68707065
241507,2.02697038
241508,1.25822128
241509,2.82094467
241601,2.11273466
241602,27.570484969999995
241603,0.18723308000000002
241604,0.8227618899999998
241605,4.363779060000001
241606,2.7438734900000004
241607,2.0799516700000003
241608,3.76691089
241609,0.30051265
241610,1.37933907
241701,51.48198979000003
241702,1.58837443
241703,1.68010991
241704,5.44517672
241705,0.050065000000000005
241706,1.5666196199999998
241707,0.6308224400000001
241708,5.9690648600000005
241709,2.8328111900000006
241710,1.30717511
241711,2.1942587099999997
241712,0.51981535
241713,1.2483951800000002
241714,0.5680821699999999
241715,4.48131246
246101,229.09676446000014
246201,84.89083876000004
246301,58.75323578000001
246401,195.15774009999998
246501,79.32423544999999
246601,180.3315608699999
246701,46.89711229
246801,57.61915173000003
246901,361.13485161
247001,56.88283902999995
247101,23.524479819999996
247201,66.08720066
247301,111.53243671999995
247401,25.63436597
247501,165.14717934000012
247601,19.302281459999996
247701,81.29691858999995
247801,114.35308381999997
247901,47.67241463
260101,22.610834890000007
260102,0.19225178
260103,0.9176194
260104,1.19793352
260105,8.57e-06
260106,2.01104948
260107,0.39243915999999995
260108,0.8469161199999999
260201,0.32990792
260202,32.05925358
260203,2.9316738200000003
260204,0.41893926
260205,0.3010273399999999
260206,15.534854580000001
260207,0.12175017
260208,1.21317816
260209,0.9791009299999999
260301,0.22887251
260302,0.26776807
260303,6.52099694
260304,16.93269445
260305,0.78351615
260401,1.5757307799999998
260402,1.5567189200000002
260403,4.07398262
260404,4.979982370000001
260405,2.297214689999999
260406,2.32805562
260407,1.9767105
260408,2.59366755
260409,0.19128547000000004
260410,2.5944547100000004
260411,1.98695431
260412,5.209043880000001
260413,3.5305016300000007
260414,5.421974050000001
260415,0.5361111099999999
260416,1.1553529599999999
260418,2.7561471
260419,2.94514479
260501,0.6448915
260502,0.72468643
260503,35.10217826
260504,1.89185872
260505,0.37383565
260507,0.6179544299999999
260508,7.8922453500000005
260601,0.72653018
260602,0.44422148
260603,0.47511911
260604,0.8269368699999999
260605,0.23131046
260606,0.38404716
260607,0.5544492
260608,0.07923058
260701,80.63611228000002
260702,0.88618217
260703,0.35702898
260704,0.6639443700000001
260705,1.44325729
260706,0.75938841
260801,0.32538316
260802,0.30935821999999996
260803,0.09111096
260804,7.068288000000001
260805,0.31214275
260901,30.7102227
260902,0.7675178900000001
260903,1.55426534
260904,1.2216098999999998
260905,1.49279776
260906,2.40073071
260907,1.42968846
260908,0.45469994999999996
260909,0.6476533800000001
261001,53.79932072000002
261002,1.38976614
261003,1.8156125600000004
261004,0.51026484
261005,5.046568740000001
261101,2.12635686
261102,1.3830053400000002
261103,1.14723913
261104,1.2693586099999998
261105,0.70257308
261201,1.5664168799999998
261202,0.27038608999999997
261203,0.41915783
261204,1.31514678
261205,3.77941262
261206,0.74484067
261207,26.27202365
261208,0.2998233
261301,0.50571934
261302,1.18407546
261303,0.40701141
261304,0.26266131
261305,0.43764511
261306,12.168440929999997
266101,242.36410460000047
280101,23.571182709999995
280102,1.8817271999999998
280103,0.28961539
280104,1.0290516100000002
280105,0.01497211
280106,1.0683208800000001
280201,14.15695374
280202,0.02926065
280203,0.88240234
280204,0.06419454
280205,2.5695694000000002
280206,0.04403916
280207,0.26057122
280301,31.867436880000007
280302,0.20033719
280303,0.0012860100000000002
280304,9.666907199999997
280305,0.31567543000000003
280306,1.4060928099999999
280401,0.05330167
280402,0.55659746
280403,0.5332169400000001
280404,0.5210008400000001
280405,0.5973652699999998
280406,1.2481532000000002
280407,13.504204449999998
280408,0.10213085
280409,1.13750275
280501,74.94109184999999
280502,0.23113385
280503,0.9175038400000001
280504,1.12854379
280505,0.83125059
280601,46.71457582000001
280604,0.14799955
280605,0.93009109
280606,0.59095033
280608,3.4838087000000004
280610,1.85840314
280701,38.43422714000001
280702,13.945227599999997
280703,1.34956641
280704,1.8646264399999999
280705,0.13551327999999999
280706,5.022069279999998
280707,1.95506781
280801,21.332863460000002
280802,0.48570097
280803,0.00833942
280804,1.37565484
280805,2.1091105900000002
280806,0.5575535199999999
280901,11.71765073
280902,0.03552342
280903,0.00055185
280904,0.58191907
280905,4.01663969
281001,26.663133119999998
281002,8.43227248
281003,0.01093085
281004,1.9583651600000003
281005,0.36818183000000004
281101,0.38017149000000006
281102,0.24342367999999998
281103,0.41500928000000004
281104,13.265533489999997
281201,10.699511089999996
281202,1.1312534699999999
281203,0.68121865
281204,1.85473441
281205,0.006030519999999999
281303,0.9918826
281304,22.951951579999992
281305,0.28422468
281306,0.08345459
281401,7.257470400000003
281402,11.26885644
281403,16.416144239999998
281404,3.4930467800000002
281405,1.7213042199999993
281406,2.2273189100000006
281407,1.8289706200000002
281408,0.21338751000000003
281409,7.996647999999999
281410,0.6008939199999999
281411,3.0008892399999993
281412,0.72812925
281501,43.449731259999965
281502,1.1085247599999999
281503,0.31254903
281504,1.19172675
281505,2.5540917599999995
281506,0.7710327199999999
281507,1.58536583
281508,14.460681099999999
281509,0.32242234999999997
281601,2.814898
281602,3.7961970099999998
281603,19.052020690000003
281604,4.09410228
281701,23.174829470000006
281702,0.6508610799999999
281703,7.65892253
281704,2.0949296900000003
281705,0.49167203
281706,0.021303840000000004
281707,1.17140371
281708,1.65226455
281801,0.43738090999999996
281802,0.09739726
281803,10.961192370000001
281901,0.11346540999999999
281902,0.33494184000000005
281903,9.826417189999999
286101,95.63281783000006
286201,229.6461901000004
300101,16.702885700000003
300102,3.26160917
300103,0.0400508
300104,3.46599714
300105,2.60036376
300201,22.560000039999984
300202,0.09119563
300203,0.9798507999999999
300204,5.1609929700000015
300205,3.1282969300000003
300206,2.1677414300000004
300207,19.25416714
300208,5.6701438600000005
300301,55.643001019999986
300302,2.230220580000001
300303,0.01608249
300304,2.0653475400000003
300305,2.9526238200000003
300306,1.28368841
300307,1.0156673500000002
300308,1.4544827800000002
300309,7.39799524
300310,6.702209769999999
300401,3.92231289
300402,24.53607347
300403,5.655467310000001
300404,2.09109471
300405,2.09106544
300406,2.1635882
300407,2.7001244100000004
300501,1.4804515599999999
300502,16.45086334
300503,1.9930215400000002
300504,5.043171079999999
300505,1.75636035
300601,1.68038199
300602,34.15968607000001
300603,2.53289036
300604,2.29293033
300701,2.68289671
300702,1.15791423
300703,0.06848821
300704,1.25546241
300705,2.33125102
300706,0.9875139199999999
300707,0.48878678999999997
300708,3.7954901100000003
300709,2.39919327
300710,1.8418858799999998
300711,1.6344187
300801,1.7792367000000004
300802,2.45001115
300803,19.66757966000001
300804,1.15098083
300805,1.33034823
300806,1.0661195799999998
300807,1.03581331
300901,20.834195509999997
300902,1.9871039400000001
300903,0.06446729000000001
300904,1.1926866400000002
300905,1.04818854
300906,4.7496442
300907,0.07430051000000001
300908,2.73550176
300909,0.07645861
300910,0.71118275
300911,0.8764183200000001
301001,3.14439551
301002,1.72603118
301003,1.40120985
301004,4.247963520000001
301005,1.7430742300000002
301006,1.44031484
301007,2.72516517
301008,6.4701249800000005
301009,2.02049424
301010,3.4868499600000007
301011,13.345251610000005
301012,8.116711399999998
301013,0.7932800699999999
301014,2.01294556
301101,28.53431621
301102,4.03845276
301103,0.03299612
301104,4.10455939
301105,9.42074351
301201,1.07000418
301202,3.293253799999999
301203,5.411365640000002
301204,24.907090290000006
301205,0.8663089900000001
301206,2.3697953099999998
301301,2.14968014
301302,2.4644927
301303,3.5154673499999998
301304,3.18945581
301305,3.8164765400000005
301306,1.92638976
301307,7.289346579999999
301401,0.9836625099999999
301402,3.09120575
301403,18.635478579999994
301404,4.958434399999999
301501,1.6432839599999998
301502,0.40236965999999996
301503,4.205568199999999
301504,25.63332522
301505,10.285916949999995
301506,7.845559150000001
301601,23.592790679999997
301602,12.811905529999994
301603,2.27950525
301701,76.01831146
301702,4.5914757999999996
301703,5.697341679999999
301704,0.9181551800000001
301705,1.8141844400000002
301706,3.2112075000000004
301707,2.0396563899999998
301708,0.8149898799999999
301801,0.5764855000000001
301802,1.57963934
301803,4.88716528
301804,1.57888064
301805,1.4466638900000002
301806,2.7811750099999997
301807,21.82484011999999
301901,81.37137352999999
301902,1.22509494
301903,2.2517830500000007
301904,2.2115676199999994
301905,0.68683169
301906,1.00961451
301907,2.04347466
301908,5.915927739999998
301909,1.80108042
302001,1.0379378000000001
302002,0.93019505
302003,1.8472408800000002
302004,1.33983387
302005,2.25345376
302006,18.91421866
302101,30.93462146
302102,9.148323040000001
302103,9.961574590000001
302104,12.929376860000001
302105,17.195242909999987
302106,2.04217441
302107,14.482359619999997
302108,11.939221789999992
302109,21.035957669999995
302110,16.41755157
302111,10.173023020000004
302112,11.003327569999998
302113,11.874591029999998
302114,10.348781249999998
302115,20.73731353
302116,51.86648141
302117,60.33177787000002
302201,3.2159714199999985
302202,3.85975788
302203,5.555035699999999
302204,2.4170890899999997
302205,30.79738391
302301,17.033054830000008
302302,4.768357310000001
302303,0.59916603
302304,1.1984809
302305,1.1449495500000002
302306,0.0727744
302307,3.3733265400000003
302308,3.26631129
302401,2.4088960100000003
302402,6.15277031
302403,3.4430368599999994
302404,0.01157088
302405,2.1360514999999998
302406,11.973474869999997
302407,27.887315700000002
302408,21.93984098
302501,0.29965670000000005
302502,0.6749304399999999
302503,1.6888044300000005
302504,31.76610344
302505,3.1404533299999993
302601,0.27754674
302602,1.6742064499999998
302603,3.0679666799999996
302604,33.85929146999998
302701,23.747259940000006
302702,0.8982796300000001
302703,1.03583619
302704,0.921004
302705,1.14303074
302706,0.6271792
302707,2.45827979
302708,0.03901636
302709,0.55413609
302801,35.95408928
302802,2.12364632
302803,3.0893287699999994
302804,1.8654218900000004
302805,5.34896359
302806,0.94950493
302807,0.037937740000000005
302901,6.417475400000002
302902,3.1444902700000004
302903,31.66798782999999
303001,1.2294709
303002,5.692335720000001
303003,4.233978840000001
303004,2.9404426800000003
303005,46.33082408
303101,24.26166295
303102,6.2969312199999985
303103,3.5902508799999997
303104,1.8392183599999998
303105,2.20882656
303106,0.00626238
303107,1.60082997
303108,0.33936219999999995
306101,107.36760577999998
306201,81.93760033999996
306301,79.22476907999994
306401,746.4490375499987
320101,29.267577799999998
320102,0.19579901
320103,3.1979184099999993
320104,2.35404895
320201,1.45909805
320202,18.847113500000003
320203,1.90685946
320204,0.9768082499999999
320205,1.9603048599999997
320206,1.79164052
320301,6.71423899
320302,10.02624462
320303,4.167657030000002
320305,0.71082724
320306,11.63508804
320402,48.111660130000004
320403,3.3204398699999995
320404,32.645804100000014
320405,2.91527809
320406,2.02952913
320407,2.66692726
320501,0.45709781
320502,32.57777571999999
320503,0.17354666
320504,3.3563903999999996
320507,13.77411142
320508,13.494872100000004
320601,2.19424826
320602,5.39318056
320603,14.267880299999998
320604,36.997149819999976
320605,2.1595287400000003
320606,0.9805018
320607,0.72947517
320608,2.7227477400000004
320609,1.01366485
320701,6.831957620000003
320702,4.8878818299999995
320703,20.37578413000001
320704,13.850225509999998
320705,0.67660882
320706,6.500664849999998
320801,93.68377036999995
320802,1.5952244899999999
320803,2.10625822
320804,0.8316023
320805,1.42983604
320806,0.7476694700000001
320807,6.78857568
320901,2.81846967
320902,2.1813873700000004
320903,2.637674659999999
320904,0.46402609000000006
320905,11.610883879999996
320906,3.068261690000001
320907,4.592285910000003
320908,0.75882633
321001,14.205773550000002
321002,0.48641533000000003
321003,19.937785139999992
321004,18.55091395
321005,0.29057118
321101,4.51884561
321102,23.310247179999998
321103,0.1649336
321104,38.84450582999999
321201,0.7445182
321202,0.04710186
321203,2.6748328000000003
321204,0.6005613000000001
321205,23.74897478
321206,1.02317112
321301,15.621581740000003
321302,11.63012454
321303,0.47232479000000005
321304,0.86692217
321305,3.46749976
321306,0.03261605
321401,84.70172007999997
321402,2.41719531
321403,1.45198033
321404,1.89668684
321405,1.0446656899999998
321406,2.9311135000000004
321408,0.10017144000000001
321409,0.00028639
321410,0.45698207999999996
321411,1.3341542299999998
321501,60.0714569
321502,3.0858445999999993
321503,2.5077964500000003
321504,3.30918527
321505,1.30511564
321506,0.022290420000000002
321601,18.87119975
321602,0.06554731
321603,5.486196879999999
321604,0.11181838999999999
321605,0.9394744899999998
321606,0.01200509
321701,36.793917829999984
321702,1.9738645700000004
321703,3.02139763
321704,1.4245542800000002
321705,0.11826895
321801,1.69989761
321802,15.09857344
321803,0.24703518
321804,2.7682721600000004
321805,1.9791098599999999
326101,146.14578506999993
326201,536.9583530799994
326301,74.00206695000001
