terc,index_dens
020101,1228.7003313789814
020102,147.75729936391934
020103,1297.522190369122
020104,264.1968418629128
020105,185.9130554046713
020106,37.612366226546214
020201,488.774603035708
020202,1019.7964786092213
020203,418.3446344578057
020204,367.84150736446253
020205,34.0858377425044
020206,365.2545733512786
020207,267.04179816513766
020301,1069.950961922344
020302,355.8598056823202
020303,180.64862023154308
020304,310.0781247196052
020305,161.29228915662648
020306,81.3508718244804
020401,525.9528507198788
020402,5.360107707842477
020403,141.2600020708221
020404,324.4700070392792
020501,878.4303011275703
020502,313.5142603493197
020503,111.84855773072313
020504,21.409757485770825
020505,82.29803901950976
020506,1.9985539090444557
020601,3074.356646113191
020602,397.03668001117217
020603,558.4041986603496
020604,1436.9742629421587
020605,18.844870175438572
020606,63.9050822522402
020607,340.3048866101361
020608,204.00106148632293
020609,3.440062953071347
020701,856.6922340879968
020702,96.2824207141273
020703,273.46415015737824
020704,87.23241180386066
020801,1232.0527189454872
020802,1527.2474155189286
020803,975.4758434835571
020804,569.5931505148951
020805,1328.725120318725
020806,490.02370975492556
020807,73.6386123309327
020808,465.4338232774446
020809,62.04235233160622
020810,379.4092466806429
020811,47.23149851890573
020812,88.22231869594145
020813,508.2538396454473
020814,198.72460033076075
020901,938.7713741721852
020902,191.9624092098378
020903,232.85422335942204
020904,150.5699971823049
020905,0.70108456944712
020906,148.2829094384004
020907,673.5271027657267
020908,37.96418541505042
021001,1193.3743368935295
021002,1531.6834015786872
021003,258.70958740062395
021004,6.857374089805825
021005,256.9863977832512
021006,99.99493522516966
021007,266.9140258294367
021101,1470.804191317125
021102,60.00573003429692
021103,382.30453938927377
021104,674.7452214996953
021201,896.8284246077106
021202,113.59602259887005
021203,505.20935710552277
021204,308.7624352636535
021205,141.1796648572103
021301,166.01042274678116
021302,177.36370219590424
021303,490.2894210460928
021401,830.4463176048937
021402,232.50536801774538
021403,241.2121098644907
021404,2.040447012647187
021405,337.2806566052527
021406,80.56138990332975
021407,603.8033461629559
021408,395.76726603085996
021501,1224.0304172193416
021502,249.09657159487773
021503,736.7978131170057
021504,90.67910567501806
021601,513.1315430313452
021602,191.2068156705173
021603,319.27413259668515
021604,913.7346498286123
021605,481.8570209436688
021606,394.7593489905233
021701,92.03479170629637
021702,104.7120356891289
021703,154.25842839036756
021704,705.0977591428957
021705,512.4372801693718
021801,357.8505485232068
021802,233.64114685079159
021803,344.02398892286396
021804,846.8639160136624
021805,116.63107558713243
021901,1143.6727036631073
021902,590.8000704380365
021903,99.53236482586108
021904,216.26520078163168
021905,275.6774422164396
021906,701.9174215089034
021907,38.43092302373819
021908,408.1875506400908
022001,503.45320701857855
022002,239.1816950959488
022003,986.4944524772291
022004,252.84312652754284
022005,181.12119952694715
022006,551.9404250085411
022101,263.1152055424218
022102,416.6194186046513
022103,1415.063491635186
022104,181.23123505154638
022105,339.8885554259045
022106,510.5815989280929
022107,7.173986470725448
022108,105.16723036940783
022201,660.0633768251013
022202,129.49064312583425
022203,508.92728393407464
022301,260.3847889135773
022302,729.2413283629716
022303,87.5393021062559
022304,654.6381068946667
022305,1964.8964143661462
022306,177.04848976336078
022307,466.0190038016914
022308,496.33433163481976
022309,371.980759482453
022401,158.55765851795263
022402,162.70720969370583
022403,222.21547113594036
022404,102.65425163094127
022405,739.4985975722756
022406,278.91190292529524
022407,383.07236996834
022501,413.8816249398171
022502,2135.5707258628136
022503,772.8679894736847
022504,212.9303693843594
022505,135.93921166666667
022506,173.40700838090615
022507,459.9035746978054
022601,234.24175399889685
022602,817.356506658006
022603,74.97042309387398
022604,183.21568051288895
022605,39.806048155933496
022606,4.849130807719799
026101,1188.0997863616756
026201,1058.9761307937654
026401,1418.5229569636895
026501,762.0172616475134
040101,930.5404338825871
040102,1099.0933958529688
040103,199.85034896401308
040104,66.72803122651749
040105,90.12506803533063
040106,238.08705694177863
040107,63.38884811742182
040108,267.0881118421052
040109,282.87717714285714
040201,889.1389760348584
040202,20.117987689393942
040203,6.299996505939902
040204,124.63548649357459
040205,118.49909836065574
040206,48.73661558109832
040207,187.06390062111805
040208,144.80384005942062
040209,162.70775053512355
040210,69.9863403552251
040301,435.367741624699
040302,14.72167958040291
040303,185.02436942246172
040304,724.9863679068804
040305,300.68660871263916
040306,835.6867169156884
040307,225.0073446327684
040308,685.0501464721643
040401,640.633481019187
040402,7.956143300146891
040403,6.060454946996466
040404,226.90102969533368
040405,5.116856549815497
040406,338.9002324263039
040407,538.9727931034482
040501,1462.9674304445166
040502,164.05720698254365
040503,25.603448119104446
040504,430.1395392551145
040505,94.43773274058574
040506,281.6998879487766
040601,18.031806580565807
040602,46.856554949337486
040603,217.47323811963622
040604,190.36736671703
040605,34.68328978622328
040606,5.28759263744248
040701,994.6148130867008
040702,9.1047182821119
040703,412.0778597247323
040704,25.70499196073453
040705,425.89122958988116
040706,686.5840787615709
040707,370.60349585168495
040708,146.88892728429087
040709,19.566446506550218
040801,1392.3915922275808
040802,145.96007128969538
040803,271.636235622168
040804,52.590742404227214
040805,348.26072901949703
040806,7.658646413502109
040807,379.7161704681874
040808,260.37792079207924
040809,328.45307600059965
040901,135.75454683764397
040902,90.82680842279107
040903,465.78595001223187
040904,575.5923018279476
041001,263.82421865581665
041002,353.1832212581346
041003,522.4776944971542
041004,240.56743993371992
041005,379.65948456095225
041101,1598.4486791085337
041102,211.56329058583503
041103,230.44111717133725
041104,325.4713946117274
041105,367.9250558628919
041106,9.516705559368566
041107,250.1236930154747
041201,1402.513734212655
041202,41.76920454545454
041203,26.818553074978936
041204,5.849842561707793
041205,146.97233321929522
041206,175.82699193141704
041301,250.16420218181815
041302,522.8195264093448
041303,153.36652270433905
041304,413.47636506746636
041401,189.88752
041402,302.61757852497567
041403,265.71158196721314
041404,117.201723195428
041405,255.63704728950407
041406,423.7492148556794
041407,561.7842079477409
041408,274.66991436031327
041409,679.7961896485701
041410,205.23977722772275
041411,297.13432861102564
041501,570.4460845129057
041502,5.339515324305061
041503,321.48828495751025
041504,255.30862387131793
041505,247.10305823265915
041506,219.69519811690856
041507,197.6407633460835
041508,154.95137191650855
041509,83.81473836608066
041601,281.1269045884923
041602,300.27434162328905
041603,113.84330144605116
041604,378.54373326639893
041605,90.7803931379557
041606,728.252565408774
041701,702.5870570347846
041702,221.14141180203046
041703,64.98243347847122
041704,444.384088525278
041801,1067.1518501572777
041802,292.38549751969657
041803,154.07141326986016
041804,459.33680750350635
041805,234.7146453319894
041806,299.2706655518395
041807,298.16512994683995
041808,334.49470695970695
041809,1.6517315573770492
041810,213.3615533128565
041811,411.01785400658616
041812,301.06560541462375
041813,43.09747584705401
041901,474.03614555073244
041902,306.36705205582797
041903,185.96220547180343
041904,444.98081360226047
041905,287.23030565760473
041906,563.0765201449939
046101,1052.8917657950221
046201,824.0005146902498
046301,1069.2678465585313
046401,863.188241561268
060101,784.400634522316
060102,771.8839226719913
060103,26.747905661678505
060104,54.806635426429246
060105,0.842649345723497
060106,148.4878814772402
060107,118.60131211750303
060108,9.189820638248312
060109,149.7822441025641
060110,29.980101590952657
060111,139.01769112723215
060112,119.7266115423557
060113,182.54072768878717
060114,246.4547744196233
060115,88.21095536086776
060116,115.24411014405763
060117,115.0452741338715
060118,330.3955248618785
060119,228.12578085928618
060201,1114.1326633644503
060202,36.20884709480123
060203,19.033771496934342
060204,85.912672
060205,238.51889071487258
060206,176.68212901643366
060207,138.21215788688255
060208,133.38010128780206
060209,179.69877497621317
060210,116.69079847908745
060211,60.72296261506669
060212,419.96598671296994
060213,82.5699974213512
060214,115.28118297587133
060301,567.3433088404134
060302,241.42152506963788
060303,51.80175938850116
060304,242.96338367154314
060305,109.27719670710572
060306,191.71189506468613
060307,100.80103060937937
060308,12.414461538461538
060310,220.76564969674695
060311,151.35011146963922
060312,148.52766156293498
060313,277.9733619763695
060314,122.53921503957784
060315,171.6384023388117
060401,1479.7297184069887
060402,235.08186024551455
060403,109.14747488674412
060404,4.496632766085993
060405,123.06108586221777
060406,8.900601466992665
060407,148.99040204353622
060408,234.22967801387682
060501,193.47155548724257
060502,137.59353994490363
060503,87.60638476436411
060504,94.89001726817474
060505,680.8791077078853
060506,501.39547461050205
060507,153.2805837837838
060601,782.4434670409763
060602,120.6773245901639
060604,126.78732730873978
060605,2.0668354132328703
060606,98.08057032115171
060609,57.21902275769746
060610,0.10288775261748234
060611,0.7097405303030303
060701,1154.1101765842811
060702,225.2381963763881
060703,3.7988507718696396
060704,0.6832607785684387
060705,11.65224722184113
060706,97.11674899982604
060707,118.34920875684128
060708,160.6668248217833
060709,0.6983260869565218
060710,141.52361503806122
060801,1451.392334635716
060802,189.42207222914072
060803,141.32446242971545
060804,116.94405366207396
060805,218.37832252085263
060806,570.550018972332
060807,2.8465315087007945
060808,193.07413349347976
060809,60.71794527202072
060810,388.5209427093313
060811,59.00223239989531
060812,138.83935628437564
060813,164.02000315955766
060901,830.5867063101281
060902,130.3284186786946
060903,649.8019996544873
060904,279.3149530127142
060905,94.4186708645337
060906,0.000944891640866873
060907,167.75130227670755
060908,249.38612267946633
060909,94.20530607530608
060910,3.0999739780072195
060911,293.6251561558546
060912,89.95664124953882
060913,98.00781307473669
060914,167.2756373130786
060915,187.61254357798165
060916,36.093565459610026
061001,289.66490830909316
061002,259.9078539862118
061003,972.2025931670332
061004,255.74075157267413
061005,293.1423268455199
061006,175.83732071540197
061101,1585.826246581817
061102,1125.2029452054792
061103,171.90363946800863
061104,113.79725129384704
061105,29.334678979290754
061106,64.43714975845411
061107,79.94281494442157
061108,0.22503474903474904
061109,103.05838788870703
061110,65.75682184160446
061111,22.51114608204903
061201,223.30734229418047
061202,46.15821913580247
061203,0.5059241192411924
061204,69.18881724845996
061205,671.2221904147357
061206,472.7782843763305
061207,189.70291162365837
061301,90.99665643387056
061302,152.8035327635328
061303,104.39081975967957
061304,875.3366574067644
061305,114.84767945544547
061306,57.40042927046264
061307,205.01750390015602
061401,1455.2175460551387
061402,198.24273908523907
061403,174.89901719901718
061404,699.6087976495402
061405,148.317378618646
061406,226.34516640461217
061407,1192.5000848608283
061408,574.6972916666665
061409,158.16464056588254
061410,164.74622313870196
061411,171.69103023690775
061501,1576.92465007377
061502,85.3821642917016
061503,46.984542056074766
061504,47.11599825087456
061506,2.2459482545184453
061507,12.987614985783575
061508,170.48670021347974
061601,1065.7501961641783
061602,97.56569331842327
061603,109.02018946850393
061604,917.7276321873003
061605,130.44420023464997
061606,176.16043519394512
061701,985.2778785626414
061702,104.53463487929479
061703,267.2720660135071
061704,0.5461735759021772
061705,312.14120013522654
061801,1902.9713135526106
061802,218.09490571776155
061803,77.49316825775657
061804,151.42207917705736
061805,337.96982102180283
061806,350.6641432181972
061807,144.00307462686564
061808,115.10088505126822
061809,80.48293483837867
061810,267.5610015487867
061811,11.842545068928949
061812,416.9435877305095
061813,201.92708398656217
061901,1464.9305699123206
061902,74.88341704987619
061903,1.3820879717621506
061904,134.59241742460506
061905,419.04300072481277
061906,83.18029934210526
061907,196.68355729166666
062001,116.37059965487491
062002,131.16117059426227
062003,0.5899004065040651
062004,304.13935037424085
062005,144.78175540496935
062006,26.96636443817252
062007,63.59427358316411
062008,69.8980717728977
062009,81.51841248506574
062010,134.7160997067449
062011,83.2063145631068
062012,59.81589253597123
062013,300.29266882766075
062014,7.320939504843919
062015,351.1224816424397
066101,964.1069098157147
066201,1314.912640774177
066301,1427.972288608059
066401,1457.120097116557
080101,564.6209177001127
080102,399.3129807286538
080103,256.30399143340975
080104,176.60336352172416
080105,249.05292838503917
080106,175.9681955575911
080107,356.29757317929904
080201,1297.4130788281493
080202,95.74292706030946
080203,52.372284223203536
080204,114.88157294213532
080205,51.334686362363456
080206,676.9902460456942
080207,93.24820256776034
080301,135.39394633356466
080302,1141.1795326271526
080303,392.9801016223926
080304,470.61199157500585
080305,980.9627003658135
080306,665.4786545965351
080401,1001.6062791059484
080402,290.733312962963
080403,285.6004162895928
080404,277.85701663725735
080405,44.646357864357846
080406,322.79570786516854
080407,56.280007114399545
080408,133.7652789458929
080501,515.5592218440594
080502,362.3096411092985
080503,480.86040383406663
080504,622.2107782702815
080505,2694.083663395926
080601,708.5560594394826
080602,695.7337790799886
080603,318.91346476096595
080604,861.464730248774
080605,99.93485283893395
080701,460.53074899214937
080702,461.15837046467215
080703,493.3362092191119
080704,1017.4284320468727
080705,1405.2852616877387
080801,811.9317625596408
080802,751.7423549695741
080803,110.8652247301276
080804,142.09947244711412
080805,1052.5107551143205
080806,675.42922947873
080901,613.5548285300275
080902,167.91740560292325
080903,160.2697666266026
080904,606.3463592567105
080905,289.3835698353691
080906,749.0807522839204
080907,629.8253478195262
080908,157.09096937258403
080909,135.8943438290048
081001,200.588077181208
081002,970.269046890928
081003,135.5470854540584
081004,512.5410376667155
081005,238.98464687621262
081006,104.87737243130917
081007,548.8599265385551
081008,198.91673777777774
081009,13.190761435223212
081101,1926.6406573541506
081102,1081.3922642778361
081103,780.4247876447877
081104,329.30054480286736
081105,1.7142459259258962
081106,577.3724531906763
081107,148.74378933847143
081108,984.0321926734766
081109,121.8911232243145
081110,76.556600210714
081201,618.9796788701277
081202,308.43718469814706
081203,683.5630970892197
086101,669.0821551633279
086201,1181.643727703853
100101,969.2558669369048
100102,10.730107784431139
100103,70.29849398740218
100104,363.0143751962324
100105,65.4886706123378
100106,374.5953723404255
100107,510.5925658773528
100108,310.85410990039446
100201,1504.231458839159
100202,122.32057609307562
100203,175.58902814657463
100204,491.95274382157925
100205,449.48604343720496
100206,8.57858650757227
100207,213.27847709451092
100208,166.96008787346221
100209,29.99977482911138
100210,138.96128892291983
100211,890.2863210673922
100301,125.57377358490568
100302,1094.353810473635
100303,138.00385691823897
100304,177.32563126803132
100305,130.63878614371598
100401,1090.652021743826
100402,147.6112873085907
100403,1.8206172270842929
100404,109.82177435897437
100405,19.59051905541266
100406,381.88763758389257
100407,0.0038601901824723717
100408,104.5293080980453
100501,1910.8088050179974
100502,251.11425680786687
100503,166.8217422680412
100504,223.47755498059507
100505,311.903562704796
100506,1.2009840741621107
100507,31.54468267358858
100508,103.06402374868478
100509,540.1587106446777
100510,242.9014190258484
100602,726.878223638146
100603,426.48193217313695
100607,686.262826524926
100608,8.461661136053074
100610,2124.1969554055336
100611,908.1298311082513
100701,89.61979840111226
100702,288.81774326923073
100703,120.5342697811448
100704,928.6886062728024
100705,183.62819604233775
100706,64.98506902086677
100707,45.17063352570828
100708,227.23524880708928
100801,694.9398921729611
100802,997.0293195748307
100803,262.40717005347597
100804,265.9493011583011
100805,568.3091238591917
100806,285.77165113335633
100807,8.826096832814123
100901,846.3421135060954
100902,195.18166918429003
100903,1.7173505404809177
100904,787.5646770543177
100905,191.45810739614996
100906,100.61102353930222
100907,1.1444595483446613
100908,176.0181383817895
101001,69.23988604651161
101002,140.4042653799759
101003,316.39254509018036
101004,104.54235934664248
101005,3.7444148624926856
101006,169.1814633957592
101007,201.1734156729131
101008,346.67461856841425
101009,422.96129987760105
101010,24.332060641496835
101011,605.3897257142858
101101,27.91318367346936
101102,220.1247847301952
101103,854.5063925609123
101104,650.4330118588371
101105,171.22446508648304
101106,138.58955828963292
101201,1094.387898918706
101202,128.41772171593686
101203,162.63519201995015
101204,212.41135827780616
101205,444.17997609289614
101206,2.520675553547221
101207,257.21152459381256
101208,280.8131021555764
101209,229.84618426588136
101210,50.31463544181555
101211,437.908991963908
101212,27.65257589365906
101213,121.91947774349936
101214,87.10249753208292
101301,1082.3248273668378
101302,307.7532850670693
101303,233.91310738766182
101304,72.33527979981803
101305,585.0809534246577
101306,240.6725037037037
101401,1297.3799733966064
101402,329.2504187175043
101403,201.39651063829788
101404,337.1192984934087
101405,196.80165549719254
101406,363.2227931730593
101407,175.01983657858136
101408,39.62141224565641
101409,321.15181110493285
101410,335.0910681855704
101411,571.9440075746949
101501,166.51930168986084
101502,91.15987190735217
101503,140.37300488905603
101504,374.3954192654193
101506,37.620155258764605
101507,153.71901600474212
101508,30.258435534591197
101509,225.80980791394543
101601,1170.9597101143636
101602,122.7093982192201
101603,121.32971706864559
101604,193.70098829132766
101605,690.5065469323545
101606,120.03178055555557
101607,112.4414390125061
101608,117.59243465111253
101609,31.32668685429283
101610,396.33525722430994
101611,485.9151409518036
101701,190.28731968271535
101702,175.72006643046944
101703,172.17620928990922
101704,171.86233679525225
101705,441.20956475808157
101706,160.89777012005337
101707,113.5783425245098
101708,251.99889290012032
101709,1495.6064388592595
101710,179.2309243570348
101801,137.7428595890411
101802,322.3439387088671
101803,191.91929297900262
101804,583.169334206505
101805,107.19110779188446
101806,195.42679563492064
101807,689.3708233312275
101901,1200.5510833996
101902,385.84801259238975
101903,97.36692854398771
101904,6.163102037476467
102001,774.870062673599
102002,937.6570088265837
102003,791.5668561221752
102004,452.27080152671755
102005,0.5984471662860493
102006,25.796281942078366
102007,214.57264494861352
102008,887.2985924996083
102009,128.70532977558844
102101,1157.8330471380473
102102,54.03081048456629
102103,173.93783486650216
102104,389.6809226190476
102105,78.12684244099512
106101,1027.6522056856343
106201,1291.158577591537
106301,1134.18569223066
120101,1752.1253556654224
120102,89.12602807227115
120103,76.3195273173726
120104,28.893129215477455
120105,245.29368427473463
120106,218.46497610681655
120107,124.68928251514886
120108,108.58551052910988
120109,136.9552077363897
120201,127.54541064547205
120202,1049.0285015720663
120203,255.07943338748987
120204,195.30229808605947
120205,195.13853270330765
120206,65.50584283513098
120207,186.01599322679647
120301,691.4074722111161
120302,251.73711663185662
120303,840.4877155412646
120304,789.6469338010432
120305,710.6498068363894
120401,23.397971516551195
120402,463.14144490448865
120403,58.76596026490067
120404,64.80886936145285
120405,87.16883274824474
120406,68.06048668997043
120407,583.8764534043363
120501,1920.4004263523186
120502,347.2136001190122
120503,373.8779263565891
120504,52.360151515151514
120505,82.51112061338839
120506,164.92209378663534
120507,170.41333333333333
120508,237.94691903640643
120509,133.58140728810147
120510,0.9987600174850649
120601,249.14906905683432
120602,215.87477420192064
120603,28.523025155178047
120604,167.031496350365
120605,162.29844165668533
120606,748.033573582911
120607,524.9306206028714
120608,127.57201733357917
120609,666.3987039239001
120610,390.78117580447287
120611,875.9504057273762
120612,378.04782031536485
120613,57.72462319339298
120614,305.91522235225284
120615,2570.316666408729
120616,726.1137255558035
120617,303.4304566814765
120701,2186.2468881257437
120702,1563.2161594936701
120703,201.59971508547437
120704,101.79261808987472
120705,274.5934794207317
120706,316.7223990758755
120707,67.43918436406068
120708,194.86310218617075
120709,59.79628189826656
120710,63.85986273443869
120711,171.9473511686021
120712,468.6561641337386
120801,199.7719716024341
120802,91.13966241932813
120803,144.7411111111111
120804,278.22979005743707
120805,1044.8192069158981
120806,225.172303706656
120807,91.45346044393854
120901,613.2488923679059
120902,61.65148265609514
120903,1294.7190727599373
120904,183.3287966543754
120905,118.84214873466854
120906,207.0095809376382
120907,730.5051495612865
120908,128.1491355377497
120909,207.77952920544988
121001,1497.042125
121002,154.00259342482806
121003,62.997835296660554
121004,106.7558305018551
121005,1.7322604375656825
121006,144.1015952905536
121007,757.6381460336532
121008,196.5381204977079
121009,215.2164067592034
121010,100.64447812051652
121011,258.5574625314043
121012,235.08724495611537
121013,331.8618264494127
121014,192.40187157752607
121015,284.02798299229346
121016,287.384450845177
121101,1788.353101368383
121102,867.2739740730417
121103,126.44942729721375
121104,205.53667795726943
121105,207.93299400877282
121106,6.22960766961652
121108,196.52299382058385
121109,81.19314017682952
121110,16.74311053682603
121111,174.89245535714292
121112,820.7662291043464
121113,290.881645734084
121114,404.6989696097825
121201,808.6653597767589
121203,153.78953380553773
121204,489.02098519858015
121205,921.1421983034405
121206,90.9051879699248
121207,396.39990604322907
121301,1891.594007825306
121302,389.37077934361093
121303,796.3180554694765
121304,1021.1476243401762
121305,206.6358882695104
121306,76.78698363127289
121308,232.81304502897908
121309,1139.76259315098
121401,59.66061176992131
121402,247.697536311822
121403,325.1948515721061
121404,49.54650575357845
121405,541.2191982624882
121406,57.566786895100684
121501,1386.3022666418742
121502,2637.0501216544994
121503,201.11800759437122
121504,55.83894805382724
121505,111.51269247886076
121506,377.31573120558534
121507,264.7831506734712
121508,288.28570403884356
121509,313.0293327402135
121601,126.42114770191878
121602,109.40745613054655
121603,130.54101555411538
121604,42.41529446210473
121605,60.0059602443317
121606,54.687318373312685
121607,21.536904267931238
121608,125.15693921801775
121609,72.74356086591965
121610,498.60934995249
121611,125.00936727541043
121612,0.06055301877219685
121613,197.55380906173022
121614,253.14344220301004
121615,216.88377958187417
121616,115.74564965343416
121701,2587.3976174745762
121702,154.8781649714365
121703,76.19081796549673
121704,443.4442451554754
121705,379.036299563244
121801,509.3720452188339
121802,202.58814560045863
121803,580.6350234460742
121804,141.20266259836197
121805,104.18717054263563
121806,188.5685195180723
121807,109.47817889505991
121808,78.4349713589275
121809,1029.1740170804583
121810,99.39631384812765
121901,25.160150161566236
121902,441.54704200032694
121903,660.1870602922137
121904,1152.2421881167904
121905,933.6902646744932
126101,1611.544488880013
126201,1296.1860175258475
126301,1202.009545929357
140101,863.5328592361046
140102,297.81207127351666
140103,87.5245987654321
140104,1.5806450396076952
140105,144.36148405487262
140106,85.99333936324167
140201,1405.9986938061936
140202,17.74585174825175
140203,415.01717678777766
140205,232.8327359550562
140206,207.54166433891993
140207,284.4434152499579
140208,74.6333534136546
140209,192.76447262844573
140301,2458.224465105732
140302,1233.6809472595658
140303,206.34237111448064
140304,33.99957329921734
140305,92.25680847819457
140306,0.5666465643274671
140307,148.3193531976744
140308,0.8219806663924312
140309,104.64420811202318
140310,441.21530547209323
140311,220.29219188101914
140312,173.07239214069799
140313,368.4610458262027
140314,469.1600701754386
140401,1344.8418220270048
140402,10.844177648040034
140403,85.24082738944367
140404,66.63134535136038
140405,7.731439801406681
140501,1277.0645359572402
140502,1352.9332586611097
140503,407.65527876188696
140504,1184.464826169661
140505,459.5351218148415
140506,342.18656480158296
140601,265.5713951325376
140602,482.834160574059
140603,188.85806942752745
140604,371.34932928884393
140605,1761.2293825633087
140606,215.91343697635446
140607,450.9384387695879
140608,289.7202435830278
140609,225.04019154694979
140611,629.8663655276437
140701,1.0216993202718911
140702,130.24573174157305
140703,213.63326673585885
140704,12.782183584760931
140705,1007.5011530584381
140706,238.23082800654078
140707,101.34297192892095
140801,1089.6566477726778
140802,685.9158695761729
140803,289.32676566314063
140804,663.042470218615
140805,232.60564819554648
140901,5.038456896551724
140902,181.3172098092643
140903,795.1124874072714
140904,88.6329554375433
140905,160.05288205836644
140906,46.17986247947455
141001,91.58885479843026
141002,1035.3980178588038
141003,102.78970297029704
141004,60.024255847650586
141005,204.86908383751086
141006,68.93397370653096
141101,935.6451352191484
141102,1.3367664897649734
141103,162.25630126336247
141104,185.19416179491236
141105,108.83248267898382
141106,12.621422902494329
141107,866.0913366560942
141108,112.53860268714011
141109,61.6447723753484
141110,39.002243942731276
141201,1559.4916623978527
141204,293.0166365280289
141205,207.68087276154571
141206,234.99545621351126
141207,642.7481141499668
141208,85.11734298571707
141209,635.8899965546942
141210,98.75254407125625
141211,231.79699736554642
141212,331.851736485711
141213,272.99284439115377
141214,150.60262840323765
141215,1039.6812184368741
141301,1577.2658113171292
141302,112.87259429321088
141303,2.525925692695214
141304,232.62130434782605
141305,138.17541106931756
141306,151.650049689441
141307,336.03318115234373
141308,24.832354619267065
141309,2.7248672785909203
141310,147.15157672364123
141401,1404.5051518211578
141402,466.8351944416674
141403,244.9537967248131
141404,689.7656538480775
141405,265.30904861416633
141406,588.8057826304386
141501,246.23505564142198
141502,16.22254784688995
141503,188.1962148337596
141504,116.42969147005445
141505,367.9146169461606
141506,56.67090815802975
141507,202.98411919264302
141508,437.71448530823903
141509,29.329112656467313
141510,118.83583463338532
141511,124.74773243584352
141601,1221.9561114096364
141602,22.20449814126394
141604,313.3327746077033
141605,2.136460184626003
141606,76.12204828366653
141607,69.65479357442184
141608,71.34673342354533
141610,147.09411585365854
141701,562.2404010798305
141702,891.0353642280073
141703,248.2080695178053
141704,881.3550361567002
141705,360.9925839007783
141706,144.79337530796604
141707,1.9517589118198875
141708,372.3810942455822
141801,839.0795264049492
141802,1112.1865914888451
141803,648.9406027576249
141804,1798.9505408841692
141805,215.88841205139565
141806,1103.4648448171522
141901,314.78948483177055
141902,239.85067775874725
141903,158.59612676908188
141904,136.67511191992722
141905,332.64920634920634
141906,556.9832621341575
141907,258.64566487886077
141908,199.1016152939195
141909,134.42586180904524
141910,177.65024639211546
141911,192.94464463558174
141912,226.01713063956376
141913,280.8146532587834
141914,248.49479738198025
141915,394.6981862391931
142001,1411.9680900557748
142002,1079.0264259681096
142003,170.71960145838565
142004,64.73162339365328
142005,192.7024681087077
142006,232.03116305160808
142007,159.48485305798246
142008,1322.585478091949
142009,53.405123394610925
142010,47.72773326878856
142011,270.8587424321052
142012,284.37425057511945
142101,915.4425463147188
142102,1142.9784771719817
142103,770.1672202542973
142104,1051.6204754142898
142105,939.5440520576851
142106,3672.4578836051332
142201,1820.7697290209794
142202,325.2354666666666
142203,0.21890976448795976
142204,172.96029641185655
142205,59.14413860283882
142207,23.714076177285303
142301,12.345746829497417
142302,89.64809239610963
142303,103.65204693998813
142304,86.7243164114961
142305,216.41390651085143
142306,885.3192104815382
142307,14.30265105386417
142308,141.7085242792109
142401,128.29072518062617
142402,205.7808840125392
142403,139.42273415703465
142404,1273.49638403889
142405,111.56198445260202
142406,143.63030148310233
142407,252.8688902640264
142501,841.6708250678784
142502,132.31170982735725
142503,246.05399520876114
142504,45.92675929884566
142505,225.5368684716877
142506,3.4492887126865672
142507,15.673024015683712
142508,21.19266619873659
142509,135.6366712328767
142510,183.19387510981957
142511,267.5590734592239
142512,138.59539342238185
142513,77.89411862360402
142601,127.80484398782345
142602,107.75089961389962
142603,214.37129336794902
142604,153.7578248530306
142605,220.77773154596102
142606,144.54659724950886
142607,107.21071292775666
142608,91.7722993351711
142609,169.3352253164557
142610,129.0857643788753
142611,105.88202463566965
142612,95.57701461854728
142613,230.26147448575952
142701,1764.995652490207
142702,119.72850681015639
142703,180.53916806440796
142704,171.6994283629287
142705,18.89282776349613
142706,118.12671083217109
142707,18.75986717557252
142801,1686.589975372185
142802,155.16804705344904
142803,149.89100930916217
142804,296.309571991404
142805,126.60189549333734
142806,230.33291870152254
142807,198.66073966642492
142808,415.6479596064217
142901,1321.4360088832486
142902,0.25340972610396867
142903,71.35171947809879
142905,222.69948540577013
142906,91.51994357976653
142907,75.31573521282473
142908,20.749398870807042
142909,114.26318252326783
143001,74.21051855617692
143002,39.165909617612975
143003,12.27275179856115
143004,183.39165799630814
143005,822.7610597840678
143201,1298.5811012869176
143202,877.0681597582854
143203,307.7832850907421
143204,590.6835772357724
143205,1709.2570319335086
143206,1021.0365363777083
143207,742.291918258369
143301,1652.166421044227
143302,133.40857431976613
143303,56.761100339311675
143304,3.797412005457026
143305,607.1294379128874
143306,113.67810562270098
143307,176.29195352839932
143308,127.74119749596122
143309,9.693104082383229
143401,605.2244303339631
143402,1346.2745086290208
143403,1219.8357265939117
143404,943.2014281638707
143405,408.25749908234434
143406,179.7012741416309
143407,112.48837942697965
143408,104.15289418921084
143409,911.3087848311164
143410,54.003231841526045
143411,478.1755992239192
143412,1117.8452574536202
143501,124.65625289598829
143502,209.54984932388922
143503,132.99129211878926
143504,79.94201499196856
143505,1231.8753111155859
143506,317.3300050150451
143601,86.99071079520213
143602,103.75394412791765
143603,48.98586864406779
143604,144.35205468271784
143605,975.4779230360228
143701,368.6728269699431
143702,29.504875293114473
143703,56.815675080716176
143704,93.30129001659947
143705,114.95387612678105
143706,1455.095090513612
143801,1230.2723649635043
143802,1216.73895847811
143803,63.33392857142857
143804,653.479935142516
143805,171.68916319267922
146101,1406.0389875320352
146201,1256.5136992495097
146301,1101.0397289723173
146401,1355.8933049656268
146501,1755.6839986864316
160101,1003.5137384125557
160102,133.8670311935445
160103,371.40385633965633
160104,357.99967924382133
160105,131.3701511279031
160106,46.63097327076107
160201,136.12794043412418
160202,182.66176562500007
160203,465.45169762828044
160204,309.8006564531105
160301,800.2741670668903
160302,54.252823262268215
160303,117.99366445123044
160304,96.84161338390679
160305,4.22147139645266
160306,125.24783264911859
160401,291.2021731103388
160402,807.6836165644172
160403,16.208291856869383
160404,359.6231729693444
160501,188.86357159744662
160502,591.187734110735
160503,131.21754676063975
160504,90.9487659811006
160505,286.60260288854806
160601,72.52130167597765
160602,633.975976367448
160603,236.94152296066653
160604,60.468938800120554
160605,53.207529063141074
160701,335.42858533475027
160702,42.511857476635484
160703,173.33756520739973
160704,112.82678643520389
160705,829.9828871926553
160706,285.13747991071426
160707,358.798214228489
160708,129.1146940534329
160709,81.56205987055016
160801,309.07212540716614
160802,120.96097245643621
160803,434.8645367448151
160804,647.1524204342653
160805,67.87204561321852
160806,117.27286487816883
160807,58.35169712070872
160901,263.6165247623102
160902,41.917210596346926
160903,136.95693019343986
160904,165.49242646254783
160905,192.16839991928973
160906,128.68507825759008
160907,585.1043630549
160908,567.1269583525906
160909,190.87978497312164
160910,344.9807149132441
160911,34.76401636796851
160912,329.1357645024971
160913,658.9644267674258
161001,158.87898600075673
161002,391.5062722028237
161003,11.33442494226328
161004,592.6549801961872
161101,218.64110905387892
161102,140.54291988950274
161103,90.20232708688246
161104,194.45766710875333
161105,542.9942705082294
161106,135.04268589243958
161107,282.3266634120362
166101,1335.1754142580382
180103,82.05290227464195
180105,460.0516755706654
180108,766.7417377355189
180201,745.5398132140707
180202,148.93481323021228
180203,56.14869405815422
180204,95.67655667616751
180205,19.08208248472505
180206,64.25808805031447
180301,1647.1491843119984
180302,144.75198445675588
180303,91.70584941498254
180304,73.69023522595596
180305,95.96341426970488
180306,267.8063862552749
180307,259.02590328467153
180401,1549.7490290300998
180402,1376.344645038168
180403,67.18492316036883
180404,31.733420913552287
180405,129.8682637584862
180406,5.29479132084419
180407,426.4139639639641
180408,36.78420904945632
180409,133.29207804202264
180410,171.0371224979984
180411,248.08711834016398
180501,1410.661561878978
180502,42.642069653267875
180503,92.05625621328512
180504,39.254061849357015
180505,160.35807765469397
180506,30.546817447495908
180507,476.42287429143056
180508,2.5324897426333455
180509,62.15586085565772
180511,75.54431616923581
180601,69.3713492456097
180602,1041.850440134429
180603,16.769403183023872
180604,96.01615599802533
180605,169.68033640880057
180606,120.56430728925874
180701,156.81483439774246
180702,353.0007233808245
180703,343.63991609810074
180704,437.23270158154
180705,170.14303453211667
180707,28.79295874406717
180708,307.43021935889385
180709,94.33790232955761
180710,44.256035829122645
180801,2010.4990798395916
180802,0.957739000373925
180803,115.82529845505618
180804,30.90175997235388
180805,274.83923408995963
180901,1458.6618190235693
180902,244.22707502107338
180904,5.593480530780933
180905,152.61077931904165
180906,219.49813765822782
180907,101.51116820164806
180908,59.27963128785884
181001,1868.8668901956348
181002,137.26063350485992
181003,142.5516087103308
181004,128.15787724482837
181005,214.0421008792226
181006,151.26902170963365
181007,255.7444648710275
181101,1525.4393624333782
181102,161.36451261571972
181103,174.03751589656636
181104,170.10432035268187
181105,77.66078154075177
181107,351.0139602395608
181108,198.41403731916975
181109,26.00018558951965
181110,1.4762101046646854
181201,107.94760916131158
181202,62.59600261633338
181203,201.70788749133408
181204,247.9031723975506
181205,906.1124332330892
181206,105.49863788685195
181207,148.1577371997088
181301,190.1986893577699
181302,206.46021765284917
181303,101.90959633027519
181304,116.05946829079659
181305,88.66344340602282
181306,195.10600122473974
181307,206.2517369782878
181308,15.10037516413431
181309,190.23351204351204
181310,107.71250637016446
181401,1744.9626996847073
181402,69.71003970223323
181403,111.83741928494041
181404,1.8875855855855859
181405,449.0888246784958
181406,45.96107150063901
181407,641.0752264957265
181408,195.80130715881043
181409,168.57345537441282
181501,105.18319736672258
181502,135.9963645012232
181503,690.0919129550982
181504,631.931352259365
181505,0.75400197141449
181601,774.2164733747142
181602,217.406532079646
181603,315.4764231157227
181604,164.68895168248488
181605,19.8362647788644
181606,191.82083703778545
181607,160.304347210422
181608,297.51714577259474
181609,1102.6572821434681
181610,143.1092578792113
181611,205.39051360741166
181612,243.15221914775873
181613,312.7161016873692
181614,621.1707567004449
181701,1342.571605751143
181702,165.53636726546907
181703,94.26501642335765
181704,144.70019115358969
181705,124.78849228727816
181706,1.739969650986343
181707,322.93236509146357
181708,89.89383239982767
181801,1281.8863610229482
181802,101.34463811900696
181803,108.13614133333334
181804,1.1222433356117565
181805,227.02067928076156
181806,134.7666961034232
181901,221.80973428112046
181902,449.0922418622621
181903,126.5214010441386
181904,817.1032342097602
181905,105.8530729689067
182001,124.96542966101694
182002,678.6851456310678
182003,155.86894479385046
182004,707.8504879541532
182101,201.48928751576292
182102,1290.7254467353953
182103,870.9780873493972
182104,60.06618579905873
182105,685.2393101503761
186101,1555.0172275081811
186201,1109.2733982991954
186301,1606.487899055487
186401,986.047921567785
200101,1099.6200839555333
200102,3.297797239127208
200103,1.7918234971679152
200104,186.72583599361533
200105,139.67658951667798
200106,183.07429015947102
200107,136.53209242364142
200201,354.0081784552586
200202,209.51423257878386
200203,78.56411228658219
200204,110.77103502250048
200205,249.94505060183246
200206,265.947476369643
200207,218.9249816401469
200208,77.08024404761903
200209,258.712203421814
200210,100.73798062213156
200211,7.860989639709293
200212,374.52547980613906
200213,314.48328680774426
200214,168.85431961517907
200215,126.10624121346652
200301,1131.9856427378966
200302,371.7733805830437
200303,40.87915563669557
200304,159.8442747173442
200305,0.40948828055108244
200306,114.68075309104533
200307,25.341025917926565
200308,26.935815783383475
200401,993.0223381624793
200402,125.51905500948439
200403,89.7980677460588
200404,175.07127920560748
200405,307.6899251745926
200406,65.83322823660714
200501,885.3672002353978
200502,647.8837731481482
200503,163.21877153071173
200504,10.015602690118936
200505,0.06217687074829932
200506,0.021809872029250457
200507,135.0212131147541
200508,351.01435455607475
200509,227.09104791258054
200601,1122.3233018496655
200602,150.0170053160071
200603,24.16843137254902
200604,136.73123174603177
200605,161.96450197238659
200606,165.3774074799295
200701,210.75278461829896
200702,41.099382528776644
200703,233.09351068883612
200704,217.5796093555611
200705,2.2200440569928754
200706,164.2121553398058
200707,291.8485246831852
200708,105.09263197777217
200709,156.57024732461355
200801,103.20416429442865
200802,141.15467272727273
200803,43.60956656988801
200804,291.41954747303873
200805,1.5224251572327043
200806,448.79364494806435
200807,39.47579768376271
200901,918.4483400421699
200902,183.51796565882788
200903,78.15051139374667
200904,164.5702862641328
200905,4.312396984924623
201001,1205.2350846509023
201002,186.94624435119434
201003,140.08634650905063
201004,103.10376811594202
201005,108.85333333333334
201006,38.31019988242211
201007,0.41061415220293723
201008,38.02075944767442
201009,4.2182267633487145
201101,482.27145456159036
201102,145.33816970892943
201103,266.6487405778894
201104,190.49669220519655
201105,189.90428864920392
201106,12.465303910181959
201107,20.623215976331362
201108,659.9418427926859
201109,294.608333089419
201110,13.00467399007796
201201,151.05439315687542
201202,155.0165890926187
201203,156.00967946683593
201204,43.31531153184166
201205,212.69163154316792
201206,40.66523666092943
201207,3.9453113741636643
201208,710.9051617043121
201209,310.40391472868214
201301,1038.3604388882927
201302,490.5674032050532
201303,316.98915363966523
201304,62.84100185099489
201305,0.03896312637882131
201307,113.62937467430955
201308,160.0607064172058
201309,185.9810011658409
201401,852.5012377924148
201402,93.83375712406838
201403,0.4311668185961532
201404,314.84999791144526
201405,10.679375354268211
206101,1097.7290932674691
206201,945.0163288478384
206301,1240.0130841429511
220101,53.69854577568444
220102,1404.29079683315
220103,13.496645237692437
220104,368.97677396449706
220105,74.75387790362834
220106,704.4534069384395
220107,77.62834913112165
220108,67.26100396301186
220109,213.0287769978402
220110,188.37727569331156
220201,974.6051769711004
220202,710.0841307028358
220203,181.72736008230453
220204,580.7178427288717
220205,294.3110480727587
220301,1646.6248094922246
220302,368.3649888987569
220303,8.54811967345474
220304,382.40759973181355
220305,179.3648423896728
220306,476.17605892602563
220307,262.1723561946903
220401,1226.695104064058
220402,333.61257851713765
220403,890.511832693698
220404,730.3918525400777
220405,337.44821040307744
220406,435.3759151465465
220407,136.68169798027242
220408,83.99103457518092
220501,233.387268778743
220502,750.1760061011382
220503,391.8309548097522
220504,598.4657214889515
220505,431.089792030919
220506,281.305602201698
220507,234.71776384160546
220508,744.9089959424747
220601,1076.2363648608828
220602,446.20987301587303
220603,298.40741238598173
220604,156.6682797098754
220605,644.8043050108932
220606,405.13443469007717
220607,129.20838418079097
220608,293.4152254098361
220701,741.1933903698681
220702,93.94425782644925
220703,43.34163515406163
220704,349.7604255156022
220705,94.77486853411236
220706,94.18875062468767
220801,1411.4510385478516
220802,2874.753381858903
220803,146.27737495050815
220804,8.834285714285707
220805,236.9433726141079
220901,1030.2954062385704
220903,58.84468722849696
220904,4.869973146044205
220906,70.02067442554458
220907,198.9144098726533
220908,179.03259660297238
221001,2865.349851446443
221002,484.9350975167255
221003,272.4191274540355
221004,495.1477453198929
221005,424.48793122420904
221101,1664.8633981481482
221102,2265.8783794788264
221103,1359.4238085068519
221104,1556.9998708583355
221105,531.9730681604808
221106,669.7513446777027
221107,119.57168259043088
221201,1399.0219282393764
221202,251.95777431523697
221203,7.5769551484523054
221204,271.54560981072905
221205,244.71015772520275
221206,964.664007195346
221207,330.499798657718
221208,118.26595238095238
221209,252.78300591715978
221210,245.5766634650019
221301,544.3122572429163
221302,1130.8657919426046
221303,926.576417587041
221304,285.4773279603224
221305,277.53516922507856
221306,348.2222610128858
221307,111.21318181818181
221308,238.19301306363255
221309,369.7116826054972
221310,4.217716586852417
221311,322.45759868421055
221312,67.03074965735057
221313,400.1423668738451
221401,713.0998552517216
221402,353.8469605613671
221403,276.28192784356924
221404,487.20464815849937
221405,244.06542098563372
221406,118.420968336515
221501,688.7487205577538
221502,1426.6210661831733
221503,966.1649905776984
221504,535.355011867811
221505,279.3056545625083
221506,181.03304651162796
221507,386.84863688155923
221508,312.99911910669977
221509,405.22955560372856
221510,286.8382928279451
221601,531.7636827195466
221602,1.845709543568437
221603,1.504241255144033
221604,187.1711661573106
221605,524.7444877487255
226101,1388.3729026244591
226201,1169.84399049079
226301,1468.2789697741357
226401,1560.690221022437
240101,540.4880018152373
240102,1097.6011030140312
240103,392.41664649859945
240104,167.95781917085634
240105,203.45560351613747
240106,148.4256296417204
240107,554.8704051876911
240108,585.6112644829063
240201,1761.935239923224
240202,119.86796077445305
240203,279.6761637969489
240204,565.734873118752
240205,257.9961430729656
240206,459.79489310205736
240207,731.630924793641
240208,317.91069272669023
240209,337.6450416432189
240210,233.28716262460944
240301,1086.5349106335832
240302,908.8141195889134
240303,938.8866648550722
240304,353.61870357269186
240305,284.1978467972256
240306,202.47584960602947
240307,125.54653816967677
240308,169.55959868059378
240309,292.2301231223836
240310,589.046841654885
240311,392.1295147679324
240312,297.7780397340988
240401,424.7175555727674
240402,9.049472178887155
240403,259.5152715387194
240404,156.9975456023117
240405,191.4795720452516
240406,744.0535915793972
240407,225.52174834313456
240408,291.05958368026637
240409,97.10673205342236
240410,144.4960996309963
240411,88.06438061278394
240412,237.83666922290388
240413,608.151071710008
240414,112.19032629045196
240415,295.4051777777778
240416,90.7941640267511
240501,888.459993948005
240502,642.1487566395666
240503,243.8828123977756
240504,284.0959612839179
240505,146.26360424692285
240506,472.1722071516647
240507,298.5562526720821
240508,130.80440683760685
240601,642.9428772725033
240602,545.3713009922822
240603,112.67122583762887
240604,106.44545069490404
240605,98.66925936811171
240606,366.2491678252234
240607,181.95020655513835
240608,218.2246043656207
240609,27.691612667752256
240701,922.0533185391834
240702,144.9696298455261
240703,134.07476279817743
240704,239.96029000441632
240705,84.58970211541228
240706,263.87975243747354
240707,114.80855358217941
240708,319.4805128205129
240801,335.8632388335512
240802,807.9855309411361
240803,296.4625691531972
240804,374.3564100905562
240805,231.83849080903875
240901,543.5682107204171
240902,346.9196118402682
240903,67.51485032074125
240904,382.7002437005702
240905,251.29643694493785
241002,654.7885476335567
241003,228.49305963855423
241004,268.1445956509771
241005,530.5495963972826
241006,281.3615919916041
241101,874.4982150782153
241102,159.1062049701406
241103,160.44895997203287
241104,295.1598841561219
241105,297.4757471656295
241106,41.192227284910196
241107,401.49272634939075
241108,19.262280803398994
241201,271.4173546684421
241202,165.56729166666665
241203,72.74442335415665
241204,60.85284148485162
241205,322.5338397701884
241301,333.0605528986352
241302,357.26399488008633
241303,433.48552880634094
241304,685.6353214262583
241305,105.11221065909808
241306,907.8657817869416
241307,275.85048144593736
241308,171.7054706307174
241309,301.4949978578861
241401,348.9607740144936
241402,764.5643303860256
241403,441.1235148662337
241404,119.48221541155866
241405,339.5581922592826
241501,328.5281113363254
241502,385.82085028455526
241503,510.64839488966305
241504,592.1248096885815
241505,217.9470695148443
241506,208.54404214469676
241507,198.2632181726145
241508,234.96738720414209
241509,416.59374106330426
241601,257.01790912318063
241602,628.5060452854865
241603,72.25424312814553
241604,144.86530131976468
241605,273.3054230454231
241606,303.32158965288534
241607,237.7944225583304
241608,495.6416835061016
241609,55.058209097859326
241610,178.95481764577417
241701,1572.966706406901
241702,21.776973134328358
241703,186.24137364390558
241704,291.30400015143493
241705,21.853890770533447
241706,141.94554022988507
241707,143.77571899736148
241708,414.053553254235
241709,302.72399741653413
241710,167.03988383645398
241711,292.5213265655298
241712,147.33995181405896
241713,147.9940814054188
241714,128.49475113122168
241715,25.897182732662714
246101,1271.3325407068576
246201,494.0784717872627
246301,520.8146789460455
246401,922.8608269411437
246501,626.1803878922449
246601,993.1252995746006
246701,536.7879629064179
246801,612.5458856972865
246901,1208.4736855922738
247001,741.2815864398592
247101,327.34480823915413
247201,462.6862327227614
247301,773.5208432886734
247401,357.4680254404014
247501,728.8076607067475
247601,410.43156270891154
247701,672.037611835955
247801,643.1950345096716
247901,754.9832845061433
260101,699.1324897451835
260102,44.39994919168591
260103,156.67594990628726
260104,129.1087922771464
260105,6.748405017921126
260106,265.21750428251414
260107,105.67521096479439
260108,159.4561302188707
260201,75.90597498842057
260202,1218.5195305248767
260203,186.46808206106877
260204,177.02724622910722
260205,65.98517574692443
260206,985.7092380337399
260207,24.19409027128157
260208,189.81550837461666
260209,254.75445998558044
260301,57.59356316054353
260302,108.72145148356053
260303,241.268210218433
260304,98.90305359877489
260305,121.82124534161491
260401,143.6860332749562
260402,151.55050196764319
260403,273.13877140581445
260404,337.24151436960585
260405,145.12706182321833
260406,183.218475981635
260407,332.2103614106674
260408,301.63895527369823
260409,20.217354559393886
260410,10.989983696584863
260411,130.54765228562252
260412,285.27673560349444
260413,343.98122894374404
260414,362.3257291982765
260415,109.559126172208
260416,210.43365136298422
260418,247.30473698630138
260419,228.0490588326127
260501,121.30491428571429
260502,158.88637239868564
260503,937.0375414893314
260504,220.85733023992756
260505,2.5128361138370625
260507,163.18044890414575
260508,384.74113574742427
260601,149.7180509868421
260602,146.76047119623044
260603,83.8315518239722
260604,1154.4973547163304
260605,669.8946388155414
260606,99.7599974326059
260607,86.03769863013697
260608,17.185056207844116
260701,1130.5877346083118
260702,262.9675585185185
260703,27.612908393501804
260704,96.61604309634916
260705,147.181932238193
260706,136.55966439976345
260801,62.696678307313064
260802,75.67900596877868
260803,20.3099164467898
260804,321.4332382255228
260805,21.09601437879128
260901,1304.0072988208963
260902,83.22732741731014
260903,202.5941690633988
260904,186.77041571840388
260905,259.34196855683956
260906,69.72795533186536
260907,129.2225652329322
260908,124.21585764930461
260909,150.46541047335924
261001,1149.6145674996637
261002,182.06281811377244
261003,367.1901978998385
261004,2.015059633798068
261005,640.6568325387367
261101,870.30599829458
261102,114.14769472419844
261103,128.9421153380179
261104,82.14874407582937
261105,102.59304808116457
261201,154.56522946544985
261202,66.27136130763601
261203,101.20232894397108
261204,240.68410360125262
261205,411.5048766117326
261206,117.00539197240512
261207,1024.5796420458996
261208,147.68240904198063
261301,98.13343810258387
261302,113.89642472864557
261303,154.64006451612903
261304,105.25263199999998
261305,105.61247752456617
261306,633.0659535198087
266101,1259.6890923086455
280101,970.2941781827603
280102,475.255052282581
280103,33.82617213191768
280104,164.98025156224963
280105,2.2921145633927256
280106,172.67297931259162
280201,854.1335822919123
280202,12.387012901091628
280203,254.69162055335968
280204,25.679112383679314
280205,486.5372109286064
280206,18.316832323232322
280207,91.2381636794048
280301,1529.0391143476625
280302,28.835588085798516
280303,13.828980359381529
280304,544.5120022858778
280305,58.1071395139514
280306,145.54519359331476
280401,24.31676334260363
280402,189.94657171581767
280403,6.3422922356613345
280404,128.86805342567402
280405,175.7273065650645
280406,345.8970442678774
280407,665.7528373882302
280408,26.440232744783305
280409,149.69199512269472
280501,1229.4210575452714
280502,4.745968040370059
280503,137.72353975650083
280504,248.03129773104592
280505,231.2445762711864
280601,1525.6893162539336
280604,202.93749035200563
280605,284.9433215887252
280606,149.929495820976
280608,636.0107121346324
280610,295.86119800064506
280701,1125.9384553504428
280702,1629.9292916265636
280703,56.578926675386626
280704,310.18239043158246
280705,28.004133906060314
280706,383.50602348861037
280707,259.2256874074074
280801,799.4846020453535
280802,91.58568133135607
280803,1.1063223997073526
280804,164.80161414456575
280805,293.2121013812526
280806,149.899492481203
280901,743.7296768620425
280902,11.857321591254177
280903,1.9795802098950523
280904,226.51119340413638
280905,321.79763774220726
281001,1277.9995733867954
281002,1093.4087839999995
281003,6.610728270357887
281004,252.24303944929838
281005,82.37779353123616
281101,0.2327858040201005
281102,88.44575
281103,69.67604498908847
281104,640.697135227923
281201,949.8522101181683
281202,97.10787028073572
281203,105.18951787994892
281204,155.46331430453398
281205,12.098600459658885
281303,0.3853579395660109
281304,1002.5344290783366
281305,84.34628350515464
281306,51.48515198035002
281401,378.84184992529475
281402,592.6152162219174
281403,1017.6893036053134
281404,271.81628120350473
281405,255.37178092399392
281406,319.1662346163918
281407,221.5864212925717
281408,68.43110221082986
281409,577.9299042817478
281410,55.6873245412844
281411,263.59783237258665
281412,179.46781359320335
281501,1237.1393896270106
281502,239.02640486208506
281503,59.548070457796854
281504,347.2106614173229
281505,451.21779023218556
281506,145.97147763133466
281507,319.79339190845934
281508,499.99532965894485
281509,30.366307195629222
281601,253.50090618244698
281602,434.7330769230769
281603,692.6776249275782
281604,541.0634113796577
281701,959.1120181533919
281702,101.3686453011302
281703,413.6041171594363
281704,440.0552423156704
281705,92.91553821020149
281706,5.4586918869644485
281707,206.04855325082792
281708,270.7834315854794
281801,0.6544983552631579
281802,42.77196359817988
281803,541.2661302186879
281901,40.916764069264026
281902,103.92066770186337
281903,603.2254253456501
286101,805.6924613550303
286201,1376.1174370537626
300101,972.3021725673331
300102,430.45615873763546
300103,12.094539817232375
300104,525.4544906187006
300105,370.23479919678704
300201,2063.219893808665
300202,23.278307544365767
300203,176.25238904299582
300204,316.7057891093678
300205,261.1838690861957
300206,202.86832386824594
300207,779.6135387273251
300208,412.4523317288081
300301,863.5574262888417
300302,314.42746939324627
300303,6.4047297732025
300304,307.8786422018349
300305,400.81191032353337
300306,126.61659769435413
300307,210.82371661721075
300308,239.3288172402272
300309,504.9219927155565
300310,536.0346400706608
300401,283.0642667203868
300402,882.3362562778523
300403,469.0466509870449
300404,384.3096049092131
300405,223.36223124202715
300406,511.30379429735234
300407,384.4413866632205
300501,340.7437758926809
300502,420.76136420152187
300503,258.724843773585
300504,403.6913060915626
300505,249.10339254766032
300601,199.3780750307503
300602,752.3458376345028
300603,267.3047688990702
300604,223.9064757623143
300701,128.35219161556248
300702,245.655562048814
300703,160.95211757269277
300704,17.503866417755653
300705,312.6947421998944
300706,192.0883410583237
300707,103.4281269254467
300708,338.28127868245747
300709,318.7422727272728
300710,259.9042267248013
300711,172.52438712383346
300801,164.79649624060147
300802,144.72989520222694
300803,813.9247914027709
300804,31.465591538749532
300805,391.0640726020137
300806,280.75578490665265
300807,143.98395433420893
300901,982.7708724333366
300902,212.96284325016
300903,24.585834169174188
300904,216.27251554280244
300905,184.70934166519976
300906,389.6201542678153
300907,7.892722848360656
300908,265.3055553937982
300909,16.337920285014473
300910,112.69735604217355
300911,238.1171596474045
301001,272.04765027322406
301002,135.2984065293432
301003,17.615526292916122
301004,398.3267032634972
301005,145.60279007971656
301006,104.69663098314258
301007,367.8530150814887
301008,194.41311699049194
301009,331.6618629375205
301010,334.3536182116331
301011,630.1016154648273
301012,550.7697902147631
301013,45.446565559079005
301014,153.71808854419132
301101,1294.550357112883
301102,394.45816420503917
301103,107.1911266127539
301104,407.23098339335735
301105,477.3543591785652
301201,583.1785302390998
301202,445.3727280604034
301203,300.4356641394996
301204,634.5141613567055
301205,161.25237644787646
301206,401.2945209105347
301301,257.9139910692735
301302,288.27405449847316
301303,327.31892853304663
301304,466.1215732758621
301305,350.50034778349243
301306,506.20141664492564
301307,761.8823153877888
301401,2.0266081162931555
301402,488.39121508600283
301403,944.5525031316374
301404,536.6032224268937
301501,296.9444579847217
301502,361.45770605759685
301503,337.3727
301504,933.4729719082508
301505,596.9116469728347
301506,571.8691434766894
301601,598.244238364099
301602,483.5767868816733
301603,202.07569095649788
301701,624.3276343816564
301702,361.6154240327952
301703,388.3991704692501
301704,38.31860619353491
301705,144.46777066929135
301706,268.9137820080863
301707,184.44953957578895
301708,123.63782033743732
301801,230.87124549459355
301802,294.55679606240716
301803,762.141292142033
301804,196.64754317367223
301805,393.2015482093664
301806,442.61060560809693
301807,909.3924583663753
301901,1159.297288379553
301902,252.730041467966
301903,194.80549234693882
301904,163.64428224870795
301905,10.189927192149414
301906,103.06518215132571
301907,254.79567513200905
301908,416.32229012567325
301909,295.037040957202
302001,257.99278829966335
302002,188.49228750252374
302003,175.41494748548126
302004,294.6361985630307
302005,181.4347001575679
302006,644.5925602713052
302101,942.9072409695075
302102,948.9734191672727
302103,746.3220570120026
302104,422.2963006823845
302105,788.5023173444557
302106,672.2346990333916
302107,805.0962532117163
302108,678.9479279957012
302109,668.0813417163174
302110,507.22918435289216
302111,632.3857351376906
302112,560.1325651211909
302113,573.3794792600012
302114,693.3943398468443
302115,1113.9846167218996
302116,996.553349188315
302117,1145.514894899103
302201,347.238286368843
302202,545.887952063537
302203,605.382175233138
302204,337.35739174628986
302205,774.795054270727
302301,1354.6638886849255
302302,892.6969337736833
302303,140.5861757719715
302304,278.92306078004356
302305,494.8630755939525
302306,16.19191512279189
302307,305.11784832280017
302308,365.25630135452815
302401,991.8486618826511
302402,535.3292349786581
302403,393.01248778270246
302404,423.2940554437737
302405,436.6051237824675
302406,962.4044187697158
302407,951.2481742464305
302408,1139.9085312925877
302501,80.55871547848426
302502,106.82285614427514
302503,21.271804694419842
302504,615.2934300268424
302505,439.93031366906473
302601,75.59032719836401
302602,342.0322207153754
302603,236.21891381345927
302604,792.3727064176699
302701,941.451679523667
302702,113.64822002679172
302703,140.78201702685004
302704,90.8873129711966
302705,126.70497869101978
302706,129.4187472814267
302707,213.5590087269968
302708,11.161654898060666
302709,80.71289525691698
302801,1445.8038212964768
302802,403.40724839803994
302803,379.6682295201163
302804,328.326595959596
302805,524.7340038902539
302806,324.7838458927359
302807,20.49640392889033
302901,455.2386223697218
302902,263.31746066536203
302903,1071.7420364741633
303001,216.1293298883147
303002,469.32644332939793
303003,627.2933667678499
303004,465.9972597196126
303005,856.3240008433481
303101,1319.7364479014752
303102,574.5685056267993
303103,507.46302090267596
303104,338.32624909090913
303105,296.1413118636041
303106,80.53233
303107,335.34734693877544
303108,40.49285958387777
306101,1100.5946313689712
306201,1173.5450475565758
306301,1300.2132815880486
306401,1359.00333435738
320101,1173.8488747972883
320102,7.322273812682409
320103,480.16441656623203
320104,451.45331547619054
320201,355.95738299699434
320202,896.7849053100637
320203,380.8862315369262
320204,265.68419567004656
320205,232.11056308924188
320206,327.65082305284477
320301,794.5173892872206
320302,688.0250872569688
320303,521.0799266204649
320305,89.05965443786982
320306,708.9016187909594
320402,1355.6327299653985
320403,446.3180041081821
320404,1194.0316792682927
320405,132.4078268027659
320406,451.4882412965186
320407,433.42772214241734
320501,125.2940798704803
320502,1205.7514863780361
320503,252.38270644511582
320504,390.9402477734643
320507,3223.3244484629286
320508,870.3329483263728
320601,363.14975167144223
320602,1393.2796898854963
320603,912.4655447428112
320604,1197.4168143738975
320605,381.42145161290324
320606,216.60218882104272
320607,27.720727607039635
320608,351.5380626671762
320609,135.0267148148148
320701,2163.7199036755396
320702,855.5080328149035
320703,1295.1582198001825
320704,2305.554302615193
320705,160.22316125976795
320706,600.8310012391572
320801,1958.1155968100954
320802,285.364326406306
320803,401.70516595080045
320804,438.10812300683364
320805,460.71095104538506
320806,191.39190871369294
320807,173.8305366385181
320901,301.8482703639515
320902,287.2103678929766
320903,349.5988866305329
320904,117.63361007194248
320905,2148.9980783279225
320906,350.3168754381865
320907,350.08889650692856
320908,104.4175768100454
321001,849.211527365516
321002,176.33842458495232
321003,864.0233442638998
321004,973.8271542187105
321005,22.435898355754826
321101,569.559578568831
321102,1058.8309890513633
321103,229.86645141451413
321104,984.9217078433742
321201,239.1574967907574
321202,22.94471161657189
321203,412.9429402651058
321204,118.40111067657413
321205,1180.9389707178027
321206,237.85735745296668
321301,933.2806399648531
321302,992.0785593629344
321303,217.18910427135683
321304,143.10689533579102
321305,364.1916966879721
321306,8.02376782077393
321401,597.2872675748674
321402,593.319549767121
321403,312.8146627565983
321404,206.4272336303759
321405,315.265890985325
321406,349.31208217753124
321408,36.94182785299807
321409,21.301022604951562
321410,89.6258291891892
321411,311.820816993464
321501,1523.2122865739002
321502,387.93723338850793
321503,459.0234016704632
321504,325.266023450925
321505,145.9490690174156
321506,10.832958112349822
321601,1161.7770495100897
321602,24.485386289445046
321603,478.83340394448504
321604,32.811203413940255
321605,236.35368724899595
321606,17.51120172413793
321701,1476.3306888313746
321702,220.77121125025667
321703,684.1570580597293
321704,305.00369045185033
321705,35.394047863517876
321801,173.1289970094318
321802,984.6188346137121
321803,69.27490465507572
321804,742.09078579524
321805,288.69084669192654
326101,1359.3876607410175
326201,1396.3375288161817
326301,1782.8943226311678
